"Longitude";"Latitude";"X";"Y"
-109,5;28,5;0,0807636907733675;-0,00495260982413235
-108,5;28,5;-0,268358584637285;-0,0339500703561278
-108,5;27,5;0,407506565609519;0,0103846116879834
-107,5;27,5;0,31412375766059;-0,0250068361413939
-108,5;26,5;0,321012605865801;-0,0369386712384491
-106,5;26,5;0,303981116977026;-0,0442542873997789
-78,5;26,5;1,742596586294;0,00934991758290014
-77,5;26,5;1,68955866191273;-0,00746478052994317
-107,5;25,5;0,228151192498973;-0,018700856328627
-106,5;25,5;0,433155750674959;-0,0296819499401998
-105,5;25,5;0,469551621120785;-0,0524869796877585
-100,5;25,5;-0,203374665770784;-0,0320446530038485
-107,5;24,5;-0,146656933062012;0,0240275958384253
-106,5;24,5;1,0797904009067;0,0158414923294878
-105,5;24,5;0,650636863141026;-0,0918086032472931
-100,5;24,5;0,0312187323982323;-0,10986410297102
-99,5;24,5;0,0830251152909698;-0,0235277913525021
-98,5;24,5;0,741605880753466;0,00236573952290425
-77,5;24,5;0,282635513420563;-0,036867796451597
-106,5;23,5;0,224202812394566;-0,031582266848704
-105,5;23,5;0,273131503312306;-0,0582197693405965
-104,5;23,5;-0,127074186024818;-0,00834690446039184
-99,5;23,5;0,182953696184467;-0,441304204849164
-98,5;23,5;0,76914056919793;-0,0993837584422413
-82,5;23,5;1,42559808033553;-0,0160292776845349
-81,5;23,5;0,770639442215041;-0,0131800473656454
-105,5;22,5;1,68955866191273;-0,00746478052994317
-104,5;22,5;0,57532253600383;-0,0108637655076861
-103,5;22,5;0,335471939943618;0,0533020819147718
-100,5;22,5;0,443220124807199;-0,0460436198514661
-99,5;22,5;0,533269352532216;0,00976298184714541
-98,5;22,5;0,685716697597808;0,00267473343605353
-97,5;22,5;1,06876242107383;-0,0327513215927163
-84,5;22,5;1,60480272738455;0,0562769915426545
-83,5;22,5;0,0800966489025735;-0,0483562262038062
-82,5;22,5;0,908126141188994;-0,105044043598286
-81,5;22,5;0,575771559255925;0,0431005932156299
-80,5;22,5;1,02087184365597;-0,0433815189535112
-79,5;22,5;1,18815847646752;-0,0491831273539787
-105,5;21,5;0,343349878712432;-0,0952815317321341
-104,5;21,5;0,339962102002533;-0,0315025939850209
-103,5;21,5;0,198750645906327;-0,0909659835752591
-102,5;21,5;0,209436796544761;-0,089985418707085
-100,5;21,5;0,269198582153496;0,035994494019868
-99,5;21,5;-0,509780011289593;-0,0410718199268618
-98,5;21,5;0,308644019438081;-0,0520185572716464
-97,5;21,5;0,649992685628645;-0,0394792305589514
-89,5;21,5;0,0562458853200231;0,0515110811311895
-88,5;21,5;0,08571248549905;-0,0512564525562491
-87,5;21,5;0,260475219803171;-0,0928987797572239
-86,5;21,5;1,09078590705611;0,00913573068048195
-84,5;21,5;1,06876242107383;-0,0327513215927163
-82,5;21,5;0,499244296943891;-0,11005167657003
-80,5;21,5;0,370315334213697;0,010945116687062
-79,5;21,5;0,826932148581219;-0,0491817917325792
-78,5;21,5;1,77627053964293;0,00835563691312378
-77,5;21,5;1,44124402472254;-0,00821411410047875
-105,5;20,5;0,358400268378129;-0,062710456413809
-104,5;20,5;0,499493358706002;-0,0674020246921259
-103,5;20,5;0,740874420778961;-0,0308622299002201
-100,5;20,5;-0,149218620501702;-0,107893429563736
-99,5;20,5;0,543231956223231;-0,0635903435560414
-98,5;20,5;-0,15605746653636;-0,0325813716688806
-97,5;20,5;-0,000489754411321985;-0,0441704938048215
-96,5;20,5;1,18695854360709;0,0191921120119649
-90,5;20,5;0,0603587798095979;-0,033911108285068
-89,5;20,5;0,39275175667177;-0,106794567622544
-88,5;20,5;-0,479127912627572;-0,00148783408356312
-87,5;20,5;0,255459611369364;-0,0356278294528762
-86,5;20,5;1,00177280549791;-0,00796128744169604
-76,5;20,5;0,501537132017837;-0,0556459883496406
-75,5;20,5;0,178567144806929;-0,0578922556854928
-74,5;20,5;0,163468263433013;-0,0938174252802768
-105,5;19,5;-0,250209985995157;-0,0530252401448599
-104,5;19,5;0,0211400083140731;-0,047999597309642
-103,5;19,5;0,0317131324861897;-0,0659106960423714
-102,5;19,5;0,14829207729767;-0,0526420166777777
-101,5;19,5;-0,246733785627768;-0,0156201263915843
-100,5;19,5;-0,140639440978961;-0,0332504389307538
-99,5;19,5;-0,190147201765789;-0,00538442371402153
-98,5;19,5;-0,527553727604367;0,0365074553207955
-97,5;19,5;-0,427837065059236;-0,139138958618033
-96,5;19,5;-0,774015387112972;-0,0614745956859585
-91,5;19,5;0,236385984382138;-0,0517548945091917
-90,5;19,5;0,492936206367376;-0,0215753257041278
-89,5;19,5;0,0462480557425861;-0,0152719030267444
-88,5;19,5;0,316701111692799;-0,0424893291676042
-87,5;19,5;0,538963384848696;-0,121339089744444
-81,5;19,5;1,39772898193537;0,0322414167056732
-76,5;19,5;0,726839752137356;0,00100530155665595
-75,5;19,5;1,95820938226857;0,0082280458128001
-72,5;19,5;0,768376144352263;-0,0486511421882574
-71,5;19,5;0,284162624683132;-0,0877650026149039
-70,5;19,5;-0,0132055306562859;-0,0330500893810028
-69,5;19,5;0,318130093106522;-0,039295791644557
-110,5;18,5;-0,165684015598822;0,108211748495644
-103,5;18,5;0,730912585739138;-0,0307977513344957
-102,5;18,5;0,663523742390459;-0,145665943892013
-101,5;18,5;0,79536589405889;-0,127964711456857
-100,5;18,5;0,471309719179148;-0,0745477279651929
-99,5;18,5;-0,274747792900453;-0,0263217116400331
-98,5;18,5;0,0142723484687131;-0,0480359608115937
-97,5;18,5;0,985697432965442;-0,216300285483552
-96,5;18,5;0,0866266116849465;-0,336772396021806
-95,5;18,5;-1,9246104988199;-0,126797327383075
-94,5;18,5;1,14451239024773;-0,0750867232453886
-93,5;18,5;0,652588416910163;-0,0702164488439215
-92,5;18,5;-0,289844577865466;-0,0200842628228614
-91,5;18,5;0,391131815110492;-0,0544005529388508
-90,5;18,5;1,16627803699856;-0,00195409650146593
-89,5;18,5;-0,372738258384816;-0,0275634563236607
-88,5;18,5;0,21809881433623;-0,0119482246024153
-87,5;18,5;1,36077520750466;0,0328257467686713
-78,5;18,5;1,68955866191273;-0,00746478052994317
-77,5;18,5;0,306165304186624;-0,0297276416622051
-76,5;18,5;-0,0622704897421222;-0,00311724234677509
-74,5;18,5;1,60488903731294;-0,0103638835295452
-73,5;18,5;1,00508593907217;-0,0707401404869116
-72,5;18,5;0,714000572665456;-0,00580571742347051
-71,5;18,5;0,0971714797070926;-0,0174155015305171
-70,5;18,5;-0,157612576996419;-0,0131515957208752
-69,5;18,5;0,249150357774379;-0,0516290049188075
-68,5;18,5;0,104311646472333;0,0331409226059121
-67,5;18,5;0,872628493888808;-0,0419061632096614
-66,5;18,5;-0,215578820282124;-0,0100941534713057
-65,5;18,5;-0,148846854589896;-0,0048663739858485
-64,5;18,5;0,709870352013086;-0,125482361812181
-101,5;17,5;0,953077234553198;-0,0553543569669128
-100,5;17,5;0,251007209301554;-0,0592830767324556
-99,5;17,5;0,0692747808963609;-0,046584051977617
-98,5;17,5;0,544014367469124;-0,0737409399706662
-97,5;17,5;0,140231170792792;-0,0862365591451687
-96,5;17,5;-0,254368705053465;-0,0121086040086096
-95,5;17,5;0,816414876284851;-0,0714611457894107
-94,5;17,5;-0,36638462878611;-0,0102500191648605
-93,5;17,5;0,523231437682896;-0,0614186614346319
-92,5;17,5;-0,107970711101033;-0,0443384553875529
-91,5;17,5;0,0339884154539888;-0,034915382675196
-90,5;17,5;1,28917740279634;-0,0183700027652007
-89,5;17,5;0,106514416460364;-0,0332707131300108
-88,5;17,5;0,0807119482481267;-0,0472315066378533
-77,5;17,5;1,14266348831323;-0,0843863569864935
-76,5;17,5;1,16487492435869;-0,0462025236391489
-71,5;17,5;1,18699951187068;-0,0255563493336132
-66,5;17,5;0,903528362649981;0,055255756501987
-62,5;17,5;1,3566224451799;0,0927900850290958
-99,5;16,5;1,03794494292931;0,00556559247196064
-98,5;16,5;1,06928306983941;-0,0408559709367444
-97,5;16,5;0,282879244907244;-0,05479919673369
-96,5;16,5;0,242192313042823;-0,0578041533147314
-95,5;16,5;0,238165678027712;-0,0603780555543442
-94,5;16,5;0,0833588225976977;-0,0308790002836737
-93,5;16,5;-0,377972337701848;-0,046047267547088
-92,5;16,5;-0,326003199573538;-0,0224332349154325
-91,5;16,5;-0,717037686744806;-0,0278489303487592
-90,5;16,5;-0,39163246882924;-0,0279817745925075
-89,5;16,5;0,151075149292276;-0,0579029318911467
-88,5;16,5;-0,0514491021317698;-0,0363665249882037
-61,5;16,5;1,23332505347327;-0,0249444442898991
-96,5;15,5;0,239212395003525;-0,0737839002270801
-95,5;15,5;0,709870352013086;-0,125482361812181
-93,5;15,5;-0,0304663308080757;-0,0534787197506638
-92,5;15,5;-0,215273479828542;-0,218286133262075
-91,5;15,5;0,261481201724482;-0,044315585689223
-90,5;15,5;0,243674123355711;-0,0515841687451992
-89,5;15,5;0,462359621911971;-0,0824541307474978
-88,5;15,5;-0,458975935214848;-0,132981022524813
-87,5;15,5;0,470908590908099;-0,0459942106310175
-86,5;15,5;0,704471079008782;-0,036665760541527
-85,5;15,5;0,641525618239479;-0,0419977480315839
-84,5;15,5;0,890771812900487;-0,0438615166002721
-61,5;15,5;0,402917688387179;-0,160636088700173
-92,5;14,5;0,423812998751544;-0,0220167692147563
-91,5;14,5;0,324854281576685;-0,0587378040486529
-90,5;14,5;0,557446675036444;-0,0525526074206176
-89,5;14,5;0,0894036066182066;-0,0582003196985964
-88,5;14,5;0,357385945432902;-0,0386060474039644
-87,5;14,5;0,115035815002717;-0,0370175916995625
-86,5;14,5;0,710379829874163;-0,0259917755792168
-85,5;14,5;0,128529062136414;-0,0311582390457292
-84,5;14,5;0,126675486654969;-0,016748948046403
-83,5;14,5;0,522162403981506;-0,0104949091633484
-61,5;14,5;1,42561544806826;-0,0188204555178965
-90,5;13,5;1,26920923513411;-0,0321905980559055
-89,5;13,5;0,00190932840437436;-0,0251509687589196
-88,5;13,5;0,508500558151784;-0,0262527046691115
-87,5;13,5;1,11586559197431;-0,0281133553973927
-86,5;13,5;-0,144876507567969;-0,0478274341815014
-85,5;13,5;-0,1972694810435;-0,0313605270853123
-84,5;13,5;-0,145460139229612;-0,0486524486707627
-83,5;13,5;1,09535360571921;-0,011525789389601
-61,5;13,5;1,48080135825277;-0,0142753951320989
-59,5;13,5;0,982052436023028;0,0967265577550032
-87,5;12,5;0,84235115198356;-0,0399970786972859
-86,5;12,5;0,163712907489855;-0,0273842592223892
-85,5;12,5;-0,0475131670152738;-0,0476141331609967
-84,5;12,5;0,522399145814225;-0,00236387424261453
-83,5;12,5;0,870694378088922;-0,0675432644061008
-71,5;12,5;1,3034816272448;0,00487230068150261
-86,5;11,5;0,454380669565249;-0,0181622656386671
-85,5;11,5;0,0439425157951007;-0,052641675231576
-84,5;11,5;-0,126675574481446;-0,047908943951835
-83,5;11,5;0,162147737133483;-0,058051352647438
-74,5;11,5;0,883169446401809;-0,0990088526608428
-73,5;11,5;1,03618971346305;-0,0152061817788334
-72,5;11,5;1,29970167703055;-0,0514679605451621
-69,5;11,5;1,46192601584792;-0,026974414843337
-60,5;11,5;1,64405285504761;0,051318282753961
-85,5;10,5;-0,144078358752535;-0,0330156745114152
-84,5;10,5;-0,555301949514978;-0,0255882467643856
-83,5;10,5;0,113990188433585;-0,0454263618895087
-75,5;10,5;0,54553467757574;-0,0592941451114001
-74,5;10,5;0,835156911600278;-0,077927992846594
-73,5;10,5;0,930004953628057;-0,0752467734737436
-72,5;10,5;0,622491205205445;-0,0483724156867415
-70,5;10,5;1,37966159620556;-0,0392250550347265
-69,5;10,5;1,12134221046303;-0,0137195865567184
-68,5;10,5;0,548870564653195;-0,107598884783646
-67,5;10,5;0,528147574361627;-0,0702866599843107
-66,5;10,5;1,06850967474817;-0,0314087355465879
-65,5;10,5;1,44354525393086;-0,0177608313080028
-64,5;10,5;1,30632173892588;-0,0377685462749782
-63,5;10,5;0,875682137758024;-0,0807996630376659
-62,5;10,5;0,811877012850706;-0,0937732069736923
-61,5;10,5;0,952984062667211;-0,030317487392188
-85,5;9,5;0,62082958783718;-0,0812292306005929
-84,5;9,5;-0,120987636788514;-0,0455547693475429
-83,5;9,5;-0,502024194928189;-0,0363518881012297
-82,5;9,5;-0,000250089916714658;-0,0442713628179463
-80,5;9,5;0,452665511826059;-0,11406749499947
-79,5;9,5;-0,323014706329172;-0,0183897713778544
-78,5;9,5;-0,135472964560942;-0,0252871042211444
-75,5;9,5;0,395120504715801;-0,0430901728953379
-74,5;9,5;0,544051314503584;0,0562184434906486
-73,5;9,5;1,5152932139395;0,00308561008859529
-72,5;9,5;0,680384619041789;-0,0156413201299034
-70,5;9,5;0,179711869842598;-0,0549111056196368
-69,5;9,5;0,537034984872999;-0,0249073745543179
-61,5;9,5;0,690395859473545;-0,0445608749795968
-60,5;9,5;0,789836675957733;-0,0464306315727622
-83,5;8,5;-0,22635579012218;-0,0337497782800985
-82,5;8,5;-0,281298188999593;-0,1092475059878
-81,5;8,5;-0,108989651829017;-0,0543900108206412
-80,5;8,5;-0,181142650927985;-0,0644602482869079
-79,5;8,5;0,485318076978599;-0,0445404789225596
-78,5;8,5;0,716545489703092;-0,0665750426352987
-77,5;8,5;0,249029329786046;-0,0377021180421672
-76,5;8,5;1,23941280035416;-0,0187231946146762
-75,5;8,5;0,982638085083937;-0,052178955017473
-74,5;8,5;1,6364618760115;-0,00931811511466598
-73,5;8,5;1,30898204463011;-0,0337443011017393
-72,5;8,5;1,61557546109308;-0,0125343216513778
-71,5;8,5;0,660749139584326;-0,0562087317592634
-70,5;8,5;0,764691886934699;-0,0147969544797112
-62,5;8,5;0,678880880272532;-0,0665431207919436
-61,5;8,5;0,740062249466937;-0,00411249420002908
-60,5;8,5;1,29970167703055;-0,0514679605451621
-59,5;8,5;0,49933144318857;0,00455159188043452
-81,5;7,5;0,838934268053923;-0,102795337581754
-80,5;7,5;0,91103263526764;-0,0161826219738583
-78,5;7,5;0,635434240972852;-0,0273099709984731
-77,5;7,5;0,132240459924828;-0,0177840576212612
-76,5;7,5;0,431457558027781;-0,0602058749053856
-75,5;7,5;0,613343602817609;-0,0377921232888699
-74,5;7,5;0,979407153330063;-0,0503367383481506
-73,5;7,5;0,68675405072291;-0,0655376768918557
-72,5;7,5;0,441689818483366;-0,0587032720177534
-71,5;7,5;0,627123672445657;-0,0530294157894997
-69,5;7,5;1,50747009147481;0,0229381574967711
-66,5;7,5;1,37489973365419;0,00374907259465627
-63,5;7,5;1,06311422547094;-0,03332246997932
-62,5;7,5;1,11467984361269;-0,0748241133547815
-61,5;7,5;1,96536624861325;0,00842133822125766
-60,5;7,5;0,814747074103445;-0,0101934084754279
-59,5;7,5;0,493008823293542;-0,0702858124347711
-58,5;7,5;0,287254703866931;-0,12660350945503
-77,5;6,5;0,770045685060377;-0,0714443490460398
-76,5;6,5;0,202503215719018;-0,0559007284398399
-75,5;6,5;-0,0784275376237103;-0,095062012800697
-74,5;6,5;0,538947936810696;-0,0837327110642716
-73,5;6,5;0,511036321233462;-0,0599384200410425
-72,5;6,5;0,367068322299917;-0,0648793150035653
-71,5;6,5;0,792677431809286;-0,0479093290280316
-70,5;6,5;1,16563285411844;-0,0537296602108583
-69,5;6,5;0,576129232642804;-0,214376698999044
-68,5;6,5;0,903528362649981;0,055255756501987
-67,5;6,5;0,484145521466344;0,0520257205869223
-66,5;6,5;0,988678007470181;-0,0505110576355956
-65,5;6,5;1,17919592585694;-0,0268859495170431
-64,5;6,5;0,68240305068919;-0,0662786161715617
-63,5;6,5;1,02006372263469;-0,00527646574190433
-62,5;6,5;0,826130020438651;-0,034012296750449
-61,5;6,5;1,01417159547931;-0,0346114026556458
-60,5;6,5;0,17821418675656;-0,0379444133669242
-59,5;6,5;0,84024571951644;-0,0697026495949564
-58,5;6,5;0,234792543086399;-0,0749035448893417
-77,5;5,5;0,37159130253838;0,0242391084117144
-76,5;5,5;0,0957078924389136;-0,0976416800352623
-75,5;5,5;0,915486474286321;-0,102565173941143
-74,5;5,5;0,503351275179081;-0,0473906372719203
-73,5;5,5;0,173976889782979;-0,059341143134632
-72,5;5,5;0,544904063055375;-0,0455809778453524
-71,5;5,5;1,3566224451799;0,0927900850290958
-70,5;5,5;0,882232696158418;-0,0924334053358081
-68,5;5,5;0,595821909445014;0,0255486859961704
-67,5;5,5;0,447552034267315;-0,0875739568438001
-66,5;5,5;0,454180261092181;-0,0798373410302949
-65,5;5,5;1,29287562445815;0,0186447219950365
-64,5;5,5;0,82140067043587;-0,0431436087479644
-63,5;5,5;0,751673478604619;-0,0590440751611511
-62,5;5,5;0,318700731554732;-0,0555745328470508
-61,5;5,5;0,223417087177006;-0,0547139705601217
-60,5;5,5;-0,0132164152577066;-0,0492928330759854
-59,5;5,5;-0,181611489736457;-0,0272093308262363
-58,5;5,5;0,63852346116533;-0,0609288380300737
-57,5;5,5;0,804156152033651;0,0437507909704371
-56,5;5,5;1,5040428923617;0,0701439387943473
-55,5;5,5;1,00762209191332;-0,0421840680359833
-54,5;5,5;0,944897846934498;-0,0230933279120484
-53,5;5,5;0,426161242252897;-0,0448080476411572
-52,5;5,5;0,183166575914277;-0,180512649771161
-77,5;4,5;-0,104706455797099;-0,027852082969045
-76,5;4,5;0,30799451674481;-0,0667779399839529
-75,5;4,5;0,229243768972144;-0,0662386320158303
-74,5;4,5;0,145748099104122;-0,0739618645471008
-73,5;4,5;0,254769671511626;-0,0779022465345102
-72,5;4,5;1,5886789583111;-0,0213748490875124
-71,5;4,5;1,10796894882805;0,0847037465563856
-70,5;4,5;1,58905226188214;0,0170662161446676
-67,5;4,5;0,81300568310431;-0,0312158943858139
-66,5;4,5;0,912608644848113;-0,0758309853057683
-65,5;4,5;1,13503181888864;-0,00922838180831733
-64,5;4,5;0,187426260631065;-0,0577786398457799
-63,5;4,5;0,481484910972756;-0,122028469996712
-62,5;4,5;1,56907227005343;-0,0115140959822443
-61,5;4,5;0,430520871842034;-0,0463121945387868
-60,5;4,5;0,729119010131772;-0,118516025590547
-59,5;4,5;0,484626856237331;-0,0367201181925962
-58,5;4,5;0,412275468499794;-0,0261265771137602
-57,5;4,5;0,493368995808043;0,0131589078219207
-56,5;4,5;0,328339290261972;-0,0310717436581142
-55,5;4,5;0,5910727834187;-0,0190652063188542
-54,5;4,5;0,459670246410129;-0,0688917646452401
-53,5;4,5;0,34262619011848;-0,0586527746244977
-52,5;4,5;0,0148980932510767;-0,0468301181743746
-51,5;4,5;1,06876242107383;-0,0327513215927163
-77,5;3,5;0,165653006400601;-0,0281083300163431
-76,5;3,5;0,398419063446554;-0,158952537586519
-75,5;3,5;0,812409629629325;-0,0445815015537305
-74,5;3,5;0,953482303206962;-0,0322708592734443
-73,5;3,5;0,863238653726034;-0,0391360248415922
-72,5;3,5;1,99996014701148;-3,559338123824e-16
-71,5;3,5;0,882232696158418;-0,0924334053358081
-70,5;3,5;1,58905226188214;0,0170662161446676
-68,5;3,5;0,689251731052202;-0,0409655588688789
-67,5;3,5;0,0731075512612586;-0,0725940687497311
-66,5;3,5;0,427807162278082;-0,0532777210251115
-65,5;3,5;0,109959407858162;-0,0267737289604094
-64,5;3,5;0,758724658435185;0,0102894191623344
-63,5;3,5;0,685703192652771;-0,048896819423965
-62,5;3,5;0,944635765628904;-0,0519793219254808
-61,5;3,5;0,125683520116274;-0,0854321125152472
-60,5;3,5;1,18699951187068;-0,0255563493336132
-59,5;3,5;0,556546120455302;-0,026052843513805
-58,5;3,5;0,0235907688080276;-0,0740490330845963
-56,5;3,5;0,123501944413204;-0,0477828129928055
-55,5;3,5;1,18699951187068;-0,0255563493336132
-54,5;3,5;0,602740830183594;-0,0245454848544742
-53,5;3,5;0,049746165943561;-0,0404864514391457
-52,5;3,5;0,577904828228459;-0,0436575235411022
-51,5;3,5;0,246491918192447;-0,0544216847177934
-77,5;2,5;0,744377146602946;-0,0636531818512742
-76,5;2,5;0,5497071000143;-0,0550535989121114
-75,5;2,5;1,01113911910958;-0,0610394005551946
-74,5;2,5;0,321965042487127;-0,0697632039774599
-73,5;2,5;0,0197446778210832;-0,079782256845575
-72,5;2,5;-0,140977573139073;-0,0510556807969623
-71,5;2,5;0,199743828216841;-0,230695595615658
-69,5;2,5;0,799745825137864;-0,0468830559191234
-68,5;2,5;0,829732460893703;-0,0245029950740482
-67,5;2,5;0,732258293578449;-0,133205013323635
-66,5;2,5;0,890358684076716;-0,0391970907581867
-65,5;2,5;0,938937596685163;-0,0308313097918561
-64,5;2,5;1,53443388275185;-0,0237644989597485
-63,5;2,5;0,614566178516783;-0,0117212890561616
-62,5;2,5;1,73245620464644;-0,00585532892757348
-61,5;2,5;0,488831208120185;-0,0492376050530037
-60,5;2,5;0,268446357709643;-0,0684503753876864
-59,5;2,5;0,316614355471654;-0,0389768431088639
-58,5;2,5;0,361273655351853;-0,102261255965311
-56,5;2,5;1,06876242107383;-0,0327513215927163
-55,5;2,5;1,06876242107383;-0,0327513215927163
-54,5;2,5;0,131324339532832;-0,098676220774014
-53,5;2,5;0,543382525588205;-0,0448580770457902
-52,5;2,5;0,10471684275803;-0,0898572059014525
-51,5;2,5;0,581942501507753;-0,0244408867068873
-50,5;2,5;1,48386184317028;-0,00730381492418865
-79,5;1,5;1,58905226188214;0,0170662161446676
-78,5;1,5;0,32716601179171;-0,112427129434679
-77,5;1,5;0,337263485750487;-0,105975558113122
-76,5;1,5;0,375197937605824;-0,0510953066715462
-75,5;1,5;-0,0380101467557626;-0,0478331472551878
-74,5;1,5;0,532362295698178;-0,124635660446818
-73,5;1,5;0,433432928880626;-0,0617808844888945
-72,5;1,5;0,354817194128814;-0,0443299256553205
-71,5;1,5;0,684253269029853;-0,00786958119961926
-70,5;1,5;-0,0154833734587471;-0,0168849692664693
-69,5;1,5;0,811444677696106;-0,0368571989635985
-67,5;1,5;0,132915573963836;-0,0803792087375897
-66,5;1,5;0,16331946965601;-0,119135608701451
-65,5;1,5;0,422563757677519;-0,0547981220530223
-64,5;1,5;1,28221875516811;-0,0211866516146601
-63,5;1,5;0,598993346408092;-0,0913365494382907
-62,5;1,5;0,871491729706554;-0,0845870227493448
-61,5;1,5;0,545155091700162;-0,0772077789739311
-60,5;1,5;0,249150792405356;-0,176347663054037
-59,5;1,5;0,419240913552601;-0,0922372404325021
-58,5;1,5;0,106570846736752;-0,0619214194121446
-53,5;1,5;1,82882939623332;0,00737491672973687
-52,5;1,5;0,809189927112311;0,00860950554798684
-51,5;1,5;0,206097820714894;-0,110386982760657
-50,5;1,5;0,18354064174989;-0,0401105683215143
-79,5;0,5;0,190464426601355;-0,0702831006989759
-78,5;0,5;-0,117384084063212;-0,0589572684285458
-77,5;0,5;0,182720916169657;-0,0642729470457453
-76,5;0,5;0,281183416074244;-0,0281879165821605
-75,5;0,5;0,681328549984392;-0,0134972677062968
-74,5;0,5;0,785192388936722;-0,0505043717594083
-73,5;0,5;1,32802136154966;-0,0251259513641709
-72,5;0,5;0,0608263624572352;-0,106182053122357
-71,5;0,5;0,368622120026784;-0,0936113335378656
-70,5;0,5;0,139434874513911;-0,0299713000876562
-69,5;0,5;0,51528390466151;-0,0488413579194385
-68,5;0,5;1,50747009147481;0,0229381574967711
-67,5;0,5;0,308136937237201;-0,000602470570958409
-66,5;0,5;0,152624317613505;-0,0492343454726254
-65,5;0,5;0,2908064735414;-0,0712971559039366
-63,5;0,5;0,127552757501552;-0,0785423115683194
-62,5;0,5;0,992741672791274;-0,0748601126110674
-61,5;0,5;0,428743863584085;-0,053743070787547
-54,5;0,5;1,86795198201998;0,00712406524209728
-53,5;0,5;0,187361133730628;-0,0211889238802014
-52,5;0,5;0,580969326253361;-0,0541227689356312
-51,5;0,5;0,406600640921664;0,00553405230182036
-91,5;-0,5;-0,400160185667297;-0,121770695426027
-90,5;-0,5;-0,387168393924059;-0,0292673775438288
-89,5;-0,5;0,365786858392204;-0,0585295257359712
-80,5;-0,5;0,972268035199916;-0,0252039458696731
-79,5;-0,5;-0,295839755956016;-0,0479278381756753
-78,5;-0,5;-0,236862101051466;-0,0508812128810072
-77,5;-0,5;-0,118357818868438;-0,0600119506634076
-76,5;-0,5;-0,288514884065328;-0,0542524200315398
-75,5;-0,5;0,0560267317583441;-0,0770356146339294
-74,5;-0,5;0,735267220709021;-0,0959271002499931
-72,5;-0,5;0,0972582223399891;-0,0264678258431697
-71,5;-0,5;0,393297062456701;-0,0981543458969689
-70,5;-0,5;0,0968444809066717;-0,0739140074066079
-69,5;-0,5;0,552873647569653;-0,033243705961895
-67,5;-0,5;0,295562121987315;-0,065401611476232
-66,5;-0,5;0,493906303985745;-0,10443299959399
-65,5;-0,5;0,434158522606241;-0,0419346160877506
-64,5;-0,5;0,179358278802648;-0,198759938302113
-63,5;-0,5;0,594526646617146;-0,0420953625683556
-62,5;-0,5;0,428426086425622;0,00960842289889718
-61,5;-0,5;0,74481430571321;0,00946163286519643
-59,5;-0,5;1,8497269755505;0,00718839100510058
-56,5;-0,5;0,0494300786733196;-0,221766783339469
-55,5;-0,5;0,219877668381996;-0,116775650567803
-54,5;-0,5;0,629112677932205;-0,0578391076088745
-53,5;-0,5;0,377407471495415;0,0234440090583412
-52,5;-0,5;0,0778184352221337;-0,211377445948445
-51,5;-0,5;0,647249325054817;-0,0115192401751205
-49,5;-0,5;0,0342908632929699;-0,024362978848473
-48,5;-0,5;0,668971547930066;-0,16528501431426
-47,5;-0,5;0,0432737600501304;-0,0496595846166041
-90,5;-1,5;0,235424381552329;0,00953437048866358
-80,5;-1,5;0,475356463746808;-0,0494920376472074
-79,5;-1,5;0,272196419413262;-0,0564507720993521
-78,5;-1,5;0,25712225662027;-0,074174238220424
-77,5;-1,5;0,0986780803223549;-0,0741006237721219
-76,5;-1,5;0,327217792048419;-0,0740064101714294
-75,5;-1,5;0,0153278022786948;-0,262663461492619
-74,5;-1,5;1,33166134394767;-0,0577195857461073
-73,5;-1,5;0,786038570761331;0,00714746906995915
-72,5;-1,5;0,496042663309306;-0,0763941358583975
-71,5;-1,5;0,73705970459485;-0,0301565477862688
-70,5;-1,5;0,549464312119864;-0,0462977876490344
-69,5;-1,5;0,244337748738566;-0,0087111824196172
-67,5;-1,5;0,646153874691941;-0,173372691391448
-65,5;-1,5;0,241310124612878;-0,0531713311256153
-62,5;-1,5;0,85803939567861;0,0155127028034568
-61,5;-1,5;0,539250616205798;0,0301787203118467
-60,5;-1,5;0,341196856675973;-0,0484679218386776
-59,5;-1,5;0,826670688096205;-0,0514448416419166
-58,5;-1,5;0,770639442215041;-0,0131800473656454
-57,5;-1,5;0,251004723978196;-0,0354427914175288
-56,5;-1,5;0,68616055951256;-0,0448277885478922
-55,5;-1,5;0,755504701913586;-0,0485432410819636
-54,5;-1,5;0,956763635140349;-0,0499182792854942
-52,5;-1,5;1,20115658285806;0,0104184828430229
-51,5;-1,5;0,48349993508472;-0,00279860955754857
-50,5;-1,5;0,0998075817566957;-0,111027079931229
-49,5;-1,5;1,58905226188214;0,0170662161446676
-48,5;-1,5;0,416809878319136;-0,104416894527616
-47,5;-1,5;0,157282834901657;-0,110293815311704
-46,5;-1,5;0,1777716467106;-0,127065011692855
-45,5;-1,5;1,08747422461977;-0,0700336384552538
-80,5;-2,5;1,02414392719785;-0,052698021047898
-79,5;-2,5;0,473603897318305;-0,065940505884068
-78,5;-2,5;0,365293985762418;-0,0788198949541743
-77,5;-2,5;0,39363448171464;-0,0867594672864307
-76,5;-2,5;0,088894894829126;-0,114647182764526
-75,5;-2,5;1,25476638957455;-0,0410709559459848
-73,5;-2,5;0,959800306214524;-0,0316561123543747
-72,5;-2,5;1,1616681117091;0,00603052831897281
-71,5;-2,5;0,940341780159375;-0,103931141109667
-70,5;-2,5;0,179850748302792;-0,110138997757551
-69,5;-2,5;0,455978235563001;-0,0890435095755989
-63,5;-2,5;1,50747009147481;0,0229381574967711
-62,5;-2,5;1,16865042716943;-0,0483863165167999
-61,5;-2,5;0,729573429576117;-0,00776929611398545
-60,5;-2,5;-0,119029308930413;-0,0694068097468068
-59,5;-2,5;-0,0366054167298859;-0,123048908773984
-58,5;-2,5;1,01351238738745;-0,0317789761724715
-57,5;-2,5;1,39772898193537;0,0322414167056732
-55,5;-2,5;0,769608610114321;-0,153522901491514
-54,5;-2,5;0,504806184821445;0,00115040547841616
-53,5;-2,5;1,01888355253769;0,0418081442023289
-52,5;-2,5;1,56784807367051;-0,00442764859104874
-51,5;-2,5;1,2542740709388;0,109592795051277
-50,5;-2,5;0,408133130757677;-0,0311343517460137
-48,5;-2,5;-0,161474660596239;0,0404915998740695
-45,5;-2,5;0,463845722051627;-0,0192591264722091
-44,5;-2,5;1,10631063008643;-0,0177538783814625
-80,5;-3,5;0,457390981466604;-0,110942295193888
-79,5;-3,5;-0,231937905865842;-0,0219650487232971
-78,5;-3,5;0,090059811193498;-0,0840771840917441
-77,5;-3,5;0,401918467148628;-0,152261984932681
-76,5;-3,5;1,24079183705726;-0,060317067615332
-75,5;-3,5;1,27199193784595;-0,0166352888306548
-74,5;-3,5;0,769608610114321;-0,153522901491514
-73,5;-3,5;-0,0326583721885349;-0,0404363976772117
-72,5;-3,5;0,188923672076031;-0,0607123975592716
-71,5;-3,5;0,610786405615161;-0,0817717570527858
-70,5;-3,5;0,00697692234230796;-0,0223742522091042
-69,5;-3,5;0,939392115767756;-0,0451173654304987
-68,5;-3,5;0,661567719218231;-0,110741401343236
-67,5;-3,5;0,80846796648628;0,0452446002174137
-65,5;-3,5;0,767851296475851;-0,0690657480116376
-64,5;-3,5;0,0918822533967916;-0,0511568578001944
-63,5;-3,5;0,769608610114321;-0,153522901491514
-62,5;-3,5;0,456205571705293;-0,314534524259028
-60,5;-3,5;0,689387590574706;-0,0499634848559019
-59,5;-3,5;0,658060523093051;-0,0891481675153554
-58,5;-3,5;0,683570866102815;-0,0252093777787939
-55,5;-3,5;1,39279637831254;-0,0337209899248214
-54,5;-3,5;0,563395281349496;-0,0130288395930513
-53,5;-3,5;1,02669168510204;-0,0872903922333932
-52,5;-3,5;0,522952282123292;-0,0357114540440068
-51,5;-3,5;0,736208546692574;-0,0852689496985129
-50,5;-3,5;0,882232696158418;-0,0924334053358081
-49,5;-3,5;0,062978140003222;-0,0194842441005183
-48,5;-3,5;0,451229341138043;-0,143237694766316
-45,5;-3,5;0,433573396302199;-0,0586389085269536
-41,5;-3,5;0,661567719218231;-0,110741401343236
-40,5;-3,5;0,30835033418369;-0,0807138183847314
-39,5;-3,5;0,363394550298772;-0,201446612004505
-38,5;-3,5;-0,0195122489930022;-0,0764374220487512
-80,5;-4,5;1,1796227616422;-0,0545068719766186
-79,5;-4,5;0,586439566983556;-0,0501724596784413
-78,5;-4,5;0,177831934615259;-0,0768846770388042
-77,5;-4,5;0,468019095809504;-0,0413738178728069
-76,5;-4,5;1,56907227005343;-0,0115140959822443
-75,5;-4,5;1,6519841962083;0,0133191396065092
-74,5;-4,5;0,492683473119979;0,0274971185020932
-73,5;-4,5;0,340091467514725;-0,0888475590341736
-72,5;-4,5;0,90210003854284;0,00488592436030666
-71,5;-4,5;0,284864268671551;-0,283030167034035
-70,5;-4,5;0,452410403146064;-0,147076453617856
-69,5;-4,5;0,422866410731303;-0,14496927829029
-65,5;-4,5;0,189619247841991;-0,0445376561973743
-63,5;-4,5;1,68513944100603;-0,0140474699561085
-61,5;-4,5;0,277805005761581;-0,13367067590752
-60,5;-4,5;0,178807255978604;-0,0479486802780394
-58,5;-4,5;0,700617642028961;0,111817574890729
-57,5;-4,5;0,242507122969907;-0,226749720349334
-56,5;-4,5;0,247905592995466;-0,0305403949932591
-55,5;-4,5;0,936183625249781;-0,0427286050990738
-52,5;-4,5;0,842148532179898;-0,144236815289169
-49,5;-4,5;0,472516327186714;-0,0540779180593199
-44,5;-4,5;0,296681141936596;-0,0938571384603909
-43,5;-4,5;-0,0248378380364651;-0,118920705278986
-40,5;-4,5;0,707062261557135;-0,0130799463353324
-39,5;-4,5;0,362118103282416;-0,125155879044011
-38,5;-4,5;-0,136342331582565;-0,0426547092946393
-79,5;-5,5;0,699598893643481;-0,0717963906277716
-78,5;-5,5;0,257279053433667;-0,0738796387711789
-77,5;-5,5;0,228529405269969;-0,370076919430551
-76,5;-5,5;0,749554231477812;-0,0586619044311235
-75,5;-5,5;0,862667098470063;-0,117582819158547
-74,5;-5,5;0,781184069155446;-0,0824236937621548
-73,5;-5,5;0,404544331169946;-0,0728809660559628
-72,5;-5,5;0,365786858392204;-0,0585295257359712
-62,5;-5,5;0,548645969381626;-0,114424561378278
-61,5;-5,5;0,770639442215041;-0,0131800473656454
-60,5;-5,5;1,3566224451799;0,0927900850290958
-57,5;-5,5;0,783403577771185;-0,00272827942876889
-56,5;-5,5;0,477887086100504;-0,0197809057309173
-55,5;-5,5;0,261774099570521;-0,125934265854734
-50,5;-5,5;0,280934074717689;-0,132009334801848
-49,5;-5,5;0,806528717726556;-0,0483174703684091
-42,5;-5,5;1,1211389627108;0,0399563264985476
-40,5;-5,5;0,494943547322873;0,0834540073402982
-35,5;-5,5;-0,263851415901331;-0,00852997311441566
-79,5;-6,5;1,31107945494753;-0,0711748499746053
-78,5;-6,5;0,570795902395394;-0,0636478284342412
-77,5;-6,5;0,599308631454661;-0,051850460873046
-76,5;-6,5;0,527039386868;-0,0563697713142642
-75,5;-6,5;0,570291790506242;-0,0745171962311652
-71,5;-6,5;1,58905226188214;0,0170662161446676
-66,5;-6,5;0,0408651822102728;-0,150452564903588
-62,5;-6,5;0,447642310476288;-0,231584096442613
-57,5;-6,5;1,97126215264439;0,0223462808399942
-51,5;-6,5;1,74769200702128;0,00739573478481335
-50,5;-6,5;-0,147441623158627;-0,00513150967482762
-49,5;-6,5;0,652609492322829;-0,0295238600704364
-48,5;-6,5;0,44606351569508;-0,0486592672076153
-47,5;-6,5;0,478810426143986;-0,103051820979989
-45,5;-6,5;0,209090812978978;-0,137371383551405
-40,5;-6,5;-0,695979962830781;-0,114676386420169
-38,5;-6,5;-0,201804211397308;-0,0387906036003564
-36,5;-6,5;-0,132209890183733;-0,0599155586403332
-35,5;-6,5;-0,288566633807418;-0,0275362672008304
-34,5;-6,5;0,531607313587024;-0,122991627145633
-79,5;-7,5;0,714591659304095;0,0436808671156337
-78,5;-7,5;0,36201432652897;-0,0625816817056641
-77,5;-7,5;1,25619630353073;-0,0104078740530023
-76,5;-7,5;1,21357486383387;-0,0400537771920738
-75,5;-7,5;0,896844097004662;-0,0220318301126729
-74,5;-7,5;1,50747009147481;0,0229381574967711
-73,5;-7,5;0,311660861189684;-0,0575559945652517
-72,5;-7,5;-0,0816110335611985;-0,111854624319548
-64,5;-7,5;0,259186869529015;-0,156769941135332
-63,5;-7,5;0,255594039412677;-0,033412561091149
-62,5;-7,5;0,992741672791274;-0,0748601126110674
-59,5;-7,5;1,20119833694506;0,0969574503226172
-57,5;-7,5;0,146061545380819;-0,0761893249640504
-55,5;-7,5;1,25619559973856;-0,0562741043047095
-49,5;-7,5;1,58905226188214;0,0170662161446676
-47,5;-7,5;0,361630819817898;-0,135857705677508
-45,5;-7,5;0,124708266026281;-0,0471806682329755
-40,5;-7,5;0,767851296475851;-0,0690657480116376
-39,5;-7,5;-0,222209527508085;-0,0992319079969599
-38,5;-7,5;-0,213814920568915;-0,0598495631172591
-37,5;-7,5;-0,0171383211367351;-0,0308574001935704
-36,5;-7,5;0,0602435611811565;-0,171584755039947
-35,5;-7,5;-0,0513742262795943;-0,00964467322220227
-34,5;-7,5;0,163489201223937;-0,00931696305574391
-78,5;-8,5;0,970620512654324;-0,0600617064343748
-77,5;-8,5;0,601772454539327;-0,0442509344201662
-76,5;-8,5;0,521449574829334;-0,0773207698361243
-75,5;-8,5;1,27891165544021;-0,0047951113584215
-74,5;-8,5;0,908744149281416;-0,0592744168218135
-73,5;-8,5;0,263013265350254;-0,22530540728577
-72,5;-8,5;-0,0271998373675104;-0,109458901781379
-71,5;-8,5;0,0944063322536263;-0,116440011940933
-70,5;-8,5;0,318945242089518;-0,0597677967748499
-67,5;-8,5;0,671596843815741;-0,0854767826027845
-65,5;-8,5;0,467954449686845;-0,153873083724985
-64,5;-8,5;0,903528362649981;0,055255756501987
-63,5;-8,5;1,05598618983162;-0,0534583523689557
-62,5;-8,5;0,290577081696972;-0,0882523373558677
-58,5;-8,5;1,03338735623553;0,00781186774445966
-54,5;-8,5;0,499128184203241;-0,134453830854666
-50,5;-8,5;0,473983604714176;-0,161408560266836
-49,5;-8,5;1,18699951187068;-0,0255563493336132
-48,5;-8,5;0,440448628494044;-0,12456495272511
-40,5;-8,5;-0,362510116742155;0,0200412709106028
-39,5;-8,5;-1,24103063897683;0,0285329058219103
-38,5;-8,5;-0,314915582140887;-0,0606502800165186
-37,5;-8,5;-0,573314923786158;-0,0863482714303614
-36,5;-8,5;-0,182813186826991;-0,0488007003589072
-35,5;-8,5;-0,335853460099028;-0,028722521524643
-34,5;-8,5;0,654505745279292;-0,0608041732098988
-77,5;-9,5;0,366966516217549;-0,0059993727239529
-76,5;-9,5;0,852378539606594;-0,0450783417801562
-75,5;-9,5;0,531622437416184;-0,0664905926624129
-74,5;-9,5;1,37761906334301;-0,0523531365865283
-72,5;-9,5;0,391131250148124;0,0333940799125642
-70,5;-9,5;0,315171490772784;-0,136184598598779
-69,5;-9,5;0,299040561057228;-0,0390488152586589
-68,5;-9,5;0,214855837358621;-0,0067782460021638
-67,5;-9,5;0,10456556378949;-0,138482660343256
-65,5;-9,5;0,444370638946886;0,0159838627681517
-64,5;-9,5;0,115312645957052;-0,0659118918459833
-63,5;-9,5;0,202773146273382;-0,0334340208323871
-58,5;-9,5;0,995465652483036;-0,0700958790709641
-57,5;-9,5;1,67694667886449;0,0193818600982621
-56,5;-9,5;0,12768523426089;-0,0569870484896295
-55,5;-9,5;0,0717211452904673;-0,0260463624835758
-54,5;-9,5;0,647991633529216;-0,163270037213691
-52,5;-9,5;1,02251618676623;-0,0438898777191984
-49,5;-9,5;1,06876242107383;-0,0327513215927163
-48,5;-9,5;0,32152904104761;-0,0378331632121575
-40,5;-9,5;-0,0556786123674856;-0,0614257021471697
-39,5;-9,5;-0,153387865383444;-0,061974127324052
-38,5;-9,5;-0,25427232452008;-0,108796196045735
-37,5;-9,5;-0,452859114208146;-0,0858650038881038
-36,5;-9,5;-0,252328956419558;-0,0566084162217665
-35,5;-9,5;-0,0197331137793287;-0,0106577934425913
-75,5;-10,5;-0,0879901824510521;-0,0521524694779171
-74,5;-10,5;0,688052973302779;-0,0411391888282706
-71,5;-10,5;0,618854866777369;0,027507224373697
-69,5;-10,5;0,162854535850846;-0,0587586683929554
-68,5;-10,5;0,600335789866877;-0,0090547052149197
-67,5;-10,5;0,219389643738288;-0,0152039445244846
-66,5;-10,5;1,15980424722549;0,000770965217107022
-65,5;-10,5;0,544339965716705;-0,079399258269825
-64,5;-10,5;1,06876242107383;-0,0327513215927163
-63,5;-10,5;0,252565187283197;-0,0986896135577994
-62,5;-10,5;0,712344121905047;0,0257596341817577
-61,5;-10,5;1,48067483531792;-0,0271896736132658
-59,5;-10,5;1,23048729815471;0,00019854547978444
-58,5;-10,5;1,35299056052803;0,0524112483714024
-55,5;-10,5;-0,00421040121169375;-0,00570158290894049
-54,5;-10,5;1,20673265014834;0,037383711455676
-51,5;-10,5;1,47487997053691;0,00481939429671628
-50,5;-10,5;1,01888355253769;0,0418081442023289
-49,5;-10,5;0,525388918397904;-0,0244006666583385
-48,5;-10,5;0,290363137652264;-0,0375332992312475
-46,5;-10,5;0,447130998288586;-0,0692419273404529
-41,5;-10,5;0,0116327687480943;0,0230096542067419
-40,5;-10,5;-0,149426237371689;-0,0283565893545261
-39,5;-10,5;-0,2485409459238;-0,0853332571570611
-38,5;-10,5;-0,0778671936178191;-0,110357277009674
-37,5;-10,5;-0,648755947498912;-0,0581595751240905
-36,5;-10,5;-0,165997841183318;-0,0384858883938932
-76,5;-11,5;1,39772898193537;0,0322414167056732
-75,5;-11,5;1,03531188638012;-0,0965809156106467
-74,5;-11,5;0,967782232517937;-0,0550795893394076
-73,5;-11,5;1,22863183991465;-0,0379672970324571
-72,5;-11,5;0,653718281038275;-0,0457892399820869
-71,5;-11,5;0,645674037002445;-0,0320363147378561
-69,5;-11,5;0,770448267056233;0,0594184274809329
-68,5;-11,5;0,355403199925035;-0,0165365527657513
-67,5;-11,5;0,675259955210867;-0,0770806038760469
-66,5;-11,5;0,430950226731274;-0,0380479213502268
-65,5;-11,5;0,670674020938367;-0,113202920936367
-63,5;-11,5;0,903528362649981;0,055255756501987
-62,5;-11,5;1,07275827492611;0,00392383099857006
-61,5;-11,5;1,02754266987425;0,0212048804686818
-58,5;-11,5;0,569603615012769;-0,0591088838177054
-57,5;-11,5;1,36704387034129;0,0688230127954877
-55,5;-11,5;0,041586061232022;-0,0385292508903839
-49,5;-11,5;0,943684979107881;0,0395383505943036
-48,5;-11,5;1,18699951187068;-0,0255563493336132
-47,5;-11,5;1,36037736461966;-0,0182271366646315
-46,5;-11,5;0,49963833320475;0,0299028396701655
-41,5;-11,5;-0,487581148304446;-0,0132564612778028
-40,5;-11,5;-0,23842796570223;-0,0485921992748069
-39,5;-11,5;-0,180061227713325;-0,0762541546491959
-38,5;-11,5;0,281578242205698;-0,0179599280024311
-37,5;-11,5;-0,2371763102106;-0,0335564750069715
-73,5;-12,5;0,724425746390632;-0,0613241090428739
-72,5;-12,5;0,309279451110616;-0,0706901078135628
-71,5;-12,5;0,808976554084161;-0,11513201132351
-70,5;-12,5;0,759290149061052;-0,011929406887496
-69,5;-12,5;0,288305131684216;-0,0424524003800368
-68,5;-12,5;0,532584561042358;-0,0404470702115974
-67,5;-12,5;0,246267190607133;-0,014259772756425
-64,5;-12,5;1,24169789387957;0,0348782978009441
-61,5;-12,5;1,02474507154381;-0,0531104609735466
-60,5;-12,5;0,36174973472496;-0,00319945067422511
-58,5;-12,5;1,58350503785584;0,0224978422108461
-56,5;-12,5;0,965675369467044;-0,0106693199060425
-55,5;-12,5;0,68634858243598;0,0479415033290588
-51,5;-12,5;0,0414719673365964;-0,0869853231680778
-48,5;-12,5;0,457251166171587;0,121118432138383
-47,5;-12,5;0,309451013700202;-0,0497862391433848
-45,5;-12,5;1,50747009147481;0,0229381574967711
-44,5;-12,5;0,498384445025156;-0,054980007905427
-42,5;-12,5;0,449144468677772;0,0303061328917307
-41,5;-12,5;-0,406016294340124;-0,038997149526779
-40,5;-12,5;-0,138477298069781;-0,0880916618105391
-39,5;-12,5;-0,248133351592398;-0,0355937261934224
-38,5;-12,5;0,121604799138089;-0,0143524574801073
-37,5;-12,5;0,43610133515643;-0,129444050077914
-74,5;-13,5;1,2542740709388;0,109592795051277
-73,5;-13,5;1,07541787322819;-0,100564733520597
-72,5;-13,5;0,386183418828465;-0,060281636097877
-71,5;-13,5;0,661135548627902;-0,0722990222103678
-70,5;-13,5;0,696897721716722;-0,0438194932956884
-69,5;-13,5;1,03276415054357;-0,0493811110252129
-68,5;-13,5;0,378442692836127;-0,0870514422848289
-67,5;-13,5;1,05379654803815;0,074853503215036
-61,5;-13,5;1,33649603539576;-0,0273772745874135
-60,5;-13,5;0,616786033099916;-0,110405739181779
-53,5;-13,5;0,283153302880587;-0,13268770907267
-48,5;-13,5;0,198109899855288;-0,0826534954332094
-47,5;-13,5;0,226204105351587;-0,0144203209687125
-46,5;-13,5;0,15714248831741;-0,000322895899404473
-44,5;-13,5;1,06876242107383;-0,0327513215927163
-43,5;-13,5;0,370474346196763;0,0206849244900057
-42,5;-13,5;0,386467516564675;-0,123364159539329
-41,5;-13,5;-0,331525058590019;-0,0317390222410396
-40,5;-13,5;-0,087324652037178;-0,0471329798740718
-39,5;-13,5;0,0466989626112781;-0,0293196336360943
-38,5;-13,5;0,599137850604792;-0,0798623955495425
-71,5;-14,5;1,1473932646662;-0,0780392731334113
-69,5;-14,5;0,240879677028944;-0,0207849202739484
-68,5;-14,5;-0,0850587563102018;-0,0317738412961859
-67,5;-14,5;0,114106276928828;-0,089269848941825
-66,5;-14,5;0,189016322913117;-0,0237976167429679
-64,5;-14,5;1,30708292429472;0,0332269381286048
-63,5;-14,5;1,29970167703055;-0,0514679605451621
-62,5;-14,5;0,995465652483036;-0,0700958790709641
-61,5;-14,5;0,234208473387568;-0,152773197865889
-60,5;-14,5;0,305942080157798;-0,0616406913431706
-57,5;-14,5;1,44179595509397;-0,0303453867676354
-56,5;-14,5;1,15448817822024;-0,00760206937879664
-55,5;-14,5;0,818643652139051;-0,0208806961599932
-54,5;-14,5;0,29300414465724;-0,097789628857685
-52,5;-14,5;-0,337217101221753;-0,181340947214863
-51,5;-14,5;-0,190132091852966;0,0979774053766934
-49,5;-14,5;0,128112709644303;-0,140866129607764
-48,5;-14,5;0,159585930456584;-0,114206112187008
-47,5;-14,5;0,0807202620630816;-0,054721462078106
-46,5;-14,5;0,273476568482673;0,0361256925547443
-42,5;-14,5;-0,0234277388051625;-0,0551446669120652
-41,5;-14,5;0,27884573508457;-0,029535762433948
-40,5;-14,5;0,292045768135285;-0,0327488737436545
-39,5;-14,5;-0,183081294393637;-0,0512336642527763
-38,5;-14,5;0,914205090057318;-0,00889546854829641
-74,5;-15,5;1,39772898193537;0,0322414167056732
-71,5;-15,5;1,2542740709388;0,109592795051277
-69,5;-15,5;0,781776333251395;-0,0481805339606825
-68,5;-15,5;0,0954823927204985;-0,049100022778736
-67,5;-15,5;-0,170205610029601;-0,126396570028481
-66,5;-15,5;0,475089101560922;0,0143915541597934
-64,5;-15,5;1,50747009147481;0,0229381574967711
-63,5;-15,5;1,15501744855691;-0,049675205999941
-59,5;-15,5;0,872220567688313;-0,0487704003870243
-58,5;-15,5;0,882219028894927;0,0163377107981471
-57,5;-15,5;1,04648648604431;-0,0629744521205591
-56,5;-15,5;0,675369595347414;-0,0976765143641842
-55,5;-15,5;0,287389532354327;-0,0630220661538676
-52,5;-15,5;0,260300532658462;-0,0763353329324763
-50,5;-15,5;0,82355530686489;0,0045032463387919
-49,5;-15,5;0,525668870303191;-0,246285466017095
-48,5;-15,5;-0,0758260479586238;-0,07559672780697
-47,5;-15,5;-0,222779229004663;-0,0405420140193285
-46,5;-15,5;1,17025333521289;-0,0230748535457613
-44,5;-15,5;0,720269015740602;0,0160667311484222
-42,5;-15,5;0,19454846925663;-0,107565130421817
-41,5;-15,5;1,37731896157851;0,00417112416482888
-40,5;-15,5;0,941039970445128;-0,0248791805754031
-39,5;-15,5;-0,19990371699211;-0,0427756821214688
-38,5;-15,5;1,26272070206629;-0,0536738047162252
-68,5;-16,5;0,198181680338377;-0,0597954477139543
-67,5;-16,5;-0,0196906212019672;-0,163271839689479
-66,5;-16,5;0,477643002226563;-0,102783078261531
-65,5;-16,5;0,921135057351246;-0,0482700599140126
-64,5;-16,5;1,90153756273044;-0,00744003731546219
-62,5;-16,5;1,03214584555333;-0,0024627048461304
-61,5;-16,5;0,172044749501993;-0,105873114845266
-57,5;-16,5;0,281581850753362;-0,147712987985237
-56,5;-16,5;0,444511710381283;-0,0708213259012375
-51,5;-16,5;0,0471518983457809;-0,0255823058619552
-50,5;-16,5;0,214954915411888;-0,148365117516289
-49,5;-16,5;0,348437162530961;-0,053563393285112
-48,5;-16,5;0,0633178745979545;-0,0643275369023937
-47,5;-16,5;-0,0364477536209381;-0,18242177831422
-43,5;-16,5;0,273764353735855;-0,170882941734871
-42,5;-16,5;0,115121508776685;-0,0145579771747707
-41,5;-16,5;0,777888653740547;-0,0225093390942702
-40,5;-16,5;0,357243785010332;-0,0652030820504145
-39,5;-16,5;0,186681050533932;-0,0640144681157844
-70,5;-17,5;-0,212882997470365;-0,0354151350743927
-67,5;-17,5;0,498384445025156;-0,054980007905427
-66,5;-17,5;0,453457896101878;-0,0223583987731072
-65,5;-17,5;0,159863575948749;-0,0485352583055522
-64,5;-17,5;-0,0200910283719886;-0,0444763560931933
-63,5;-17,5;0,21916064983903;-0,0762606945642509
-62,5;-17,5;0,845749652437297;-0,0793320688445897
-61,5;-17,5;1,34971103714589;-0,020218097222925
-57,5;-17,5;-0,13227951977975;-0,200580721829749
-54,5;-17,5;0,182879469842459;-0,0946864394788105
-53,5;-17,5;0,720476560749929;-0,0111698890703206
-52,5;-17,5;0,0737144409057747;-0,194194634072335
-51,5;-17,5;0,116250371293244;-0,0853126865867155
-50,5;-17,5;0,261774099570521;-0,125934265854734
-49,5;-17,5;1,15435854010349;-0,0687258640259554
-48,5;-17,5;0,362297862589908;-0,095180551315008
-47,5;-17,5;0,965675369467044;-0,0106693199060425
-46,5;-17,5;0,791121286798414;-0,0996354596056453
-44,5;-17,5;0,0188801712677584;-0,0302869095175779
-43,5;-17,5;0,362021574549444;-0,126284536894911
-42,5;-17,5;0,678716934202877;-0,179628915058054
-41,5;-17,5;0,822837155687733;-0,0510982738674746
-40,5;-17,5;0,736756664742344;-0,0184158097476342
-39,5;-17,5;0,208229387259377;-0,0234908726176333
-65,5;-18,5;0,28773025673892;-0,112344798185909
-64,5;-18,5;-0,139275215318084;-0,0341622391027374
-63,5;-18,5;0,0356298116422463;-0,0037238864289639
-62,5;-18,5;0,496354866396368;0,00308352770418501
-60,5;-18,5;1,92228223175113;0,00749710637023024
-59,5;-18,5;0,319648864020084;-0,0685633516773494
-57,5;-18,5;0,387275920526715;0,00696699345707269
-56,5;-18,5;-0,0253277411924661;-0,0688625678611786
-54,5;-18,5;0,191486565230804;-0,191329975522307
-53,5;-18,5;0,116661778545491;-0,259908546788955
-52,5;-18,5;0,116378504142267;-0,106818013305344
-51,5;-18,5;0,0436753811851806;-0,11794067682203
-49,5;-18,5;0,616508089392375;0,0273110690587374
-48,5;-18,5;0,942731664221829;-0,0452836777715788
-47,5;-18,5;0,448993473664873;-0,178927285861705
-46,5;-18,5;0,408065432371432;-0,176738720863343
-45,5;-18,5;1,91769499185731;0,0253783702979184
-44,5;-18,5;0,421460520870058;-0,0275546828411485
-43,5;-18,5;-0,212472341685781;-0,0281732598251071
-42,5;-18,5;0,679575747609321;-0,124683417103437
-41,5;-18,5;1,38254859123291;0,0182826375622449
-40,5;-18,5;0,105025679863319;-0,0511176835373429
-39,5;-18,5;0,315407072170981;-0,0705654823207956
-65,5;-19,5;1,23427795448383;-0,0469539617758627
-64,5;-19,5;0,00834038475504789;-0,0357061054883401
-63,5;-19,5;0,162458745612141;-0,0336181926067056
-59,5;-19,5;0,653810984247622;-0,138520539571616
-57,5;-19,5;-0,263105783307892;-0,052029854916675
-55,5;-19,5;0,576129232642804;-0,214376698999044
-54,5;-19,5;0,439704865960661;-0,0858182012006929
-52,5;-19,5;0,350570037993089;-0,172031185313073
-51,5;-19,5;0,341201869863049;-0,0500614676639831
-50,5;-19,5;0,55526322835308;-0,170770356297829
-49,5;-19,5;0,512141764577587;-0,0641908170870374
-48,5;-19,5;0,678716934202877;-0,179628915058054
-47,5;-19,5;0,752205960740438;-0,0913569507659843
-44,5;-19,5;0,552110475225089;-0,0646188997037763
-43,5;-19,5;-0,0730045781512332;-0,02653887122108
-42,5;-19,5;0,603945600715895;-0,0579277646205967
-41,5;-19,5;0,919430088950233;-0,0622233810115163
-40,5;-19,5;-0,237973041445201;-0,0382715716922295
-39,5;-19,5;0,304321895532199;-0,0383668676723147
-65,5;-20,5;1,18699951187068;-0,0255563493336132
-64,5;-20,5;0,390626549104276;-0,0396204973384347
-63,5;-20,5;0,587681975950795;-0,0146263404856794
-60,5;-20,5;0,0443484626140374;0,0174570011415561
-59,5;-20,5;0,230068921619052;-0,0214548047022172
-56,5;-20,5;-0,0626780207612816;-0,0848496455395346
-55,5;-20,5;0,0460832732317843;-0,174117628439624
-54,5;-20,5;0,104594317376465;-0,123401542577954
-51,5;-20,5;0,942043214415645;-0,00257897205192736
-50,5;-20,5;0,650403672248927;-0,0758861128273575
-49,5;-20,5;0,309729678469621;-0,110062408092248
-48,5;-20,5;0,604308996313255;-0,0182374527558848
-47,5;-20,5;0,309507071648131;-0,0585404201677454
-46,5;-20,5;0,422263648101407;-0,000368734129629732
-45,5;-20,5;0,226579685714427;-0,0966200171155664
-44,5;-20,5;0,473379840656845;-0,0421025105519854
-43,5;-20,5;-0,169586088151114;-0,0296741806823484
-42,5;-20,5;-0,0881197588518825;-0,122886374986473
-41,5;-20,5;-0,194089989707002;-0,0359714909473182
-40,5;-20,5;-0,0604343927275369;-0,0465763346748805
-65,5;-21,5;0,562028407369655;0,0665321124836335
-64,5;-21,5;-0,070405569090365;-0,0448795361023363
-63,5;-21,5;0,680504540676943;-0,055102320831128
-61,5;-21,5;-0,327921194804509;-0,141280374440441
-59,5;-21,5;1,1837782282743;-0,000134683534448666
-57,5;-21,5;-0,00650491561695504;-0,0716301540073627
-56,5;-21,5;-0,0332194499210384;-0,0615276515273111
-52,5;-21,5;0,530023603928839;-0,0665605226698838
-50,5;-21,5;1,07325035556451;-0,048807940265139
-49,5;-21,5;0,396407009506956;-0,0625588179644056
-48,5;-21,5;0,0596105681414253;-0,0776020173712922
-47,5;-21,5;-0,0162542306264051;-0,101172840400501
-46,5;-21,5;0,219566158944318;-0,0479453692501398
-45,5;-21,5;0,701418698177248;-0,028619600182082
-44,5;-21,5;0,0448146884293676;-0,0508093306171377
-43,5;-21,5;-0,231085657378397;-0,119900750636267
-42,5;-21,5;0,476300695496701;-0,0275006614325757
-41,5;-21,5;0,340002771338607;-0,0427218499041724
-40,5;-21,5;0,753713667686479;0,0195333627930204
-64,5;-22,5;-0,153305864747129;-0,0206684987562689
-63,5;-22,5;1,16529336103002;0,0157061112170951
-60,5;-22,5;0,65328038069868;0,0213386475602888
-59,5;-22,5;0,31517489323527;-0,00498142177726324
-57,5;-22,5;0,00725377501014352;0,016876943931749
-56,5;-22,5;0,161377311961064;-0,0657414531036883
-55,5;-22,5;0,549378016869781;-0,131470196466126
-54,5;-22,5;1,74769200702128;0,00739573478481335
-53,5;-22,5;0,48293282484355;-0,0262068676440518
-52,5;-22,5;0,567381267819883;-0,137333155812545
-51,5;-22,5;1,6364618760115;-0,00931811511466598
-50,5;-22,5;0,664394259087685;-0,0359271729058063
-49,5;-22,5;0,174812981122446;-0,0971722300857827
-48,5;-22,5;0,00669273422332067;-0,0562989663849656
-47,5;-22,5;0,157577278028801;-0,0795236834805567
-46,5;-22,5;0,296007592966447;-0,0764705465646597
-45,5;-22,5;0,0463624594840087;-0,0358780513552413
-44,5;-22,5;-0,202181328307773;-0,0391141605708338
-43,5;-22,5;-0,0742479007782162;-0,0382010041923763
-42,5;-22,5;-0,0793575153180598;-0,0577958768616353
-41,5;-22,5;0,488014882001549;-0,0185949836549095
-65,5;-23,5;0,574013907218043;0,0451707074809168
-64,5;-23,5;-0,102251714781439;-0,0513406858233299
-62,5;-23,5;0,340624659614726;-0,0700042209292215
-61,5;-23,5;0,799292478892372;-0,0197763474418549
-59,5;-23,5;0,611032762790913;0,0412639589740622
-58,5;-23,5;1,46240794645539;-0,0694735879259996
-57,5;-23,5;0,620589238430211;-0,0191059397255772
-56,5;-23,5;0,291308873362552;-0,0066123330592227
-55,5;-23,5;0,80708742457431;-0,0384364397784227
-54,5;-23,5;0,658623524007997;-0,0287867609142643
-53,5;-23,5;0,760561801947828;-0,0639521629225927
-52,5;-23,5;0,130749931354835;-0,03253597232993
-51,5;-23,5;0,214143162920842;-0,0568040978471483
-50,5;-23,5;0,517909636306793;-0,00846763417682445
-49,5;-23,5;0,43490613529213;-0,0731259292955637
-48,5;-23,5;0,811705827857937;-0,0115960048323813
-47,5;-23,5;0,419071859057427;-0,0541353679909652
-46,5;-23,5;-0,185833623579359;-0,0445168658297891
-45,5;-23,5;0,0564070449476498;-0,0466503017604222
-44,5;-23,5;0,17847143069275;-0,0370219221913637
-43,5;-23,5;0,302094310647013;-0,252002938981253
-65,5;-24,5;-0,104905840939447;-0,0309349374695497
-64,5;-24,5;0,163863147253534;-0,0544165936658426
-63,5;-24,5;0,348665505648378;-0,268307666308809
-58,5;-24,5;-0,0711167296838442;-0,0576971007761277
-57,5;-24,5;0,350219116835524;-0,169277907245697
-56,5;-24,5;1,70196364417738;0,0109062760100886
-55,5;-24,5;0,217589973957691;-0,0388858673920974
-54,5;-24,5;0,47428920388329;-0,0102702266467903
-53,5;-24,5;0,662972716361398;-0,0569100526639922
-52,5;-24,5;-0,126072181416991;-0,0507065878034459
-51,5;-24,5;0,0252194945865236;-0,0272879104613355
-50,5;-24,5;-0,105003964587566;-0,0557223727889335
-49,5;-24,5;-0,018935515389702;-0,0148211230787589
-48,5;-24,5;-0,0866820690735472;-0,0300118972125622
-47,5;-24,5;-0,108530006095697;-0,0286007032240008
-46,5;-24,5;0,380097250659865;-0,113213656813376
-66,5;-25,5;0,882232696158418;-0,0924334053358081
-65,5;-25,5;0,0760042691147506;-0,0306619229994496
-64,5;-25,5;0,790080456439957;-0,0854537747343362
-61,5;-25,5;0,592276846127063;0,0388499464833204
-58,5;-25,5;0,308925640124643;-0,0899672431911361
-57,5;-25,5;-0,413856979498788;-0,0377178455974034
-56,5;-25,5;0,0225928706942436;-0,0158124372946087
-55,5;-25,5;0,633733584880339;-0,0644472081688277
-54,5;-25,5;-0,196509385206141;-0,0419370001453773
-53,5;-25,5;-0,189889625470805;-0,0149873264409344
-52,5;-25,5;0,368830757885616;-0,0137815938520061
-51,5;-25,5;-0,0612717435337263;-0,0494039490175526
-50,5;-25,5;-0,0758586686950196;-0,0177119428929062
-49,5;-25,5;-0,419358452163874;-0,0330044647726417
-48,5;-25,5;-0,140058778660098;-0,156934339999022
-47,5;-25,5;1,04259616605521;-0,0498670520064307
-65,5;-26,5;-0,152472835431139;-0,0474066860619847
-64,5;-26,5;0,588607980340954;-0,128559290190317
-59,5;-26,5;0,43281650318421;0,0359962129466534
-58,5;-26,5;-0,186056964244696;-0,0343076331271774
-57,5;-26,5;0,000700714089153343;-0,09491784532696
-56,5;-26,5;0,239895453130752;-0,0239294026383969
-55,5;-26,5;0,127374696749281;-0,107106430755012
-54,5;-26,5;0,0530411882658039;-0,0320362029126476
-53,5;-26,5;-0,140839421168647;-0,0332333824710137
-52,5;-26,5;0,29099877282634;-0,0620510438750832
-51,5;-26,5;0,166754250159115;-0,055154285422803
-50,5;-26,5;-0,0137560850328539;-0,0178153423775804
-49,5;-26,5;-0,537645388068884;-0,0242456720349526
-48,5;-26,5;-0,128588986235422;-0,0478434659266097
-66,5;-27,5;1,29401751928208;-0,0416227105265784
-65,5;-27,5;-0,0329195722764595;-0,0884219824513362
-64,5;-27,5;0,206226951587204;-0,144319986741048
-59,5;-27,5;0,619823369476538;-0,0350542922413613
-58,5;-27,5;-0,243642902369038;0,00401814758529957
-57,5;-27,5;0,221656804343971;-0,0339722115810206
-56,5;-27,5;0,0890517541613304;-0,160593627875608
-55,5;-27,5;-0,0436832508744562;-0,0842600391494412
-54,5;-27,5;0,190412405446719;-0,0248213137433334
-53,5;-27,5;0,0123875416610874;-0,0478394520630408
-52,5;-27,5;0,0976802124461875;-0,0588590448499627
-51,5;-27,5;-0,0057409480565766;-0,0492751904716616
-50,5;-27,5;-0,171693559246391;-0,0537184060990395
-49,5;-27,5;-0,589066865774304;-0,0364952645081164
-48,5;-27,5;-0,302310461756542;-0,0276626800081173
-66,5;-28,5;0,506338148950915;-0,068756227213203
-65,5;-28,5;0,0389016385434613;-0,0857550803273355
-64,5;-28,5;-0,0240745865270918;-0,00504363858159826
-59,5;-28,5;0,476601824030521;-0,0708337630750683
-58,5;-28,5;0,0147711416639062;-0,0806103018646719
-57,5;-28,5;0,0888160122032788;0,015752330949592
-56,5;-28,5;1,19643113400906;-0,0144068612184354
-55,5;-28,5;1,06876242107383;-0,0327513215927163
-54,5;-28,5;0,877385588756613;-0,0283405776393836
-53,5;-28,5;0,990036754638489;0,0178211825649349
-52,5;-28,5;0,0037480295614572;-0,0280188592301592
-51,5;-28,5;0,209452928287052;-0,0537330779128686
-50,5;-28,5;0,0629665910383185;-0,0635634495729435
-49,5;-28,5;-0,556422269989391;-0,0299286006351498
-48,5;-28,5;0,118165203128176;-0,0393352694174414
-67,5;-29,5;0,535739488125088;-0,152267001902582
-63,5;-29,5;0,415154626774473;-0,043071836335044
-60,5;-29,5;1,20673265014834;0,037383711455676
-58,5;-29,5;1,18699951187068;-0,0255563493336132
-57,5;-29,5;1,00610062507344;-0,0177970178788759
-56,5;-29,5;1,18699951187068;-0,0255563493336132
-55,5;-29,5;0,746548671147699;-0,0283590984362638
-54,5;-29,5;0,919234815134587;-0,0850908951895243
-53,5;-29,5;0,22092410159117;-0,0487696905258835
-52,5;-29,5;0,573159338818177;-0,108010403857902
-51,5;-29,5;-0,237985200898628;-0,0317542653715099
-50,5;-29,5;-0,367294214021964;-0,0401142402531834
-49,5;-29,5;-0,0143906416615832;-0,0727968242791254
-67,5;-30,5;0,147008453955334;-0,000327196853384882
-66,5;-30,5;0,0692757010372609;-0,00717717183367881
-65,5;-30,5;0,965675369467044;-0,0106693199060425
-64,5;-30,5;-0,129069407067766;-0,0433254881116504
-63,5;-30,5;0,161112713631836;-0,0934770339226221
-57,5;-30,5;0,603777187779828;-0,134287856590465
-56,5;-30,5;0,836343124168315;0,00302046866866475
-55,5;-30,5;0,379175526989811;0,0677488117509516
-54,5;-30,5;0,992741672791274;-0,0748601126110674
-53,5;-30,5;0,47516614952089;-0,0184401412898867
-52,5;-30,5;0,603252894809143;0,00921563989918511
-51,5;-30,5;-0,0323297908410785;-0,0305810019419283
-50,5;-30,5;0,190027035919071;-0,0454527836144201
-66,5;-31,5;1,39772898193537;0,0322414167056732
-65,5;-31,5;0,0693426658948286;-0,0835947366556547
-64,5;-31,5;-0,450654243812286;-0,0124479463337456
-63,5;-31,5;0,963919905622967;0,00449042978275327
-56,5;-31,5;0,862667098470063;-0,117582819158547
-55,5;-31,5;0,388101852332354;0,0268834142872564
-54,5;-31,5;0,98279798011752;-0,00760025574172851
-53,5;-31,5;0,211653953191317;-0,0654025992188911
-52,5;-31,5;0,300579713627372;-0,0815806592900216
-51,5;-31,5;0,593474890154553;0,0120652065808467
-50,5;-31,5;1,36280146206609;-0,0123888838994583
-69,5;-32,5;1,01888355253769;0,0418081442023289
-66,5;-32,5;0,110374069333622;-0,114627553441502
-65,5;-32,5;0,267937628190007;-0,0450969906771996
-64,5;-32,5;0,306000824997272;-0,105006399378455
-55,5;-32,5;1,80462670964461;0,00773743553882698
-53,5;-32,5;0,249682258562507;-0,0325009111165642
-52,5;-32,5;0,684133359019041;-0,0393616024510257
-66,5;-33,5;0,458471350838671;0,0491523051979605
-57,5;-33,5;0,494943547322873;0,0834540073402982
-53,5;-33,5;0,317632756071491;0,0163997302182007
-54,5;-34,5;-0,237952844930204;-0,0555637408444563
-53,5;-34,5;0,37314334251403;-0,0412698461030396
