"Area";"Records";"Observed.richness";"Richness";"Slope";"Completeness";"Ratio"
"Sinaloan dry forests";307;141;176,749660798362;0,234527687296406;79,7738447491871;2,17730496453901
"Veracruz moist forests";8;8;NA;NA;NA;1
"Amazon-Orinoco-Southern Caribbean mangroves";58;58;NA;NA;NA;1
"Costa Rican seasonal moist forests";1116;846;1845,36080963706;0,51612903225805;45,8446931126922;1,31914893617021
"Santa Marta montane forests";64;64;NA;NA;NA;1
"Rio Negro campinarana";41;41;NA;NA;NA;1
"Apure-Villavicencio dry forests";119;97;269,939855927401;0,630252100840337;35,9339304182217;1,22680412371134
"Oaxacan montane forests";2525;1309;1665,90120979923;0,0368316831684297;78,5760879636889;1,92895339954163
"Hispaniolan moist forests";989;294;307,781994067206;0,107178968655205;95,5221571330139;3,36394557823129
"Hispaniolan dry forests";183;134;266,721832913184;0,469945355191271;50,2396067605069;1,36567164179104
"Miskito pine forests";17;17;NA;NA;NA;1
"Northern Mesoamerican Pacific mangroves";8;8;NA;NA;NA;1
"Trans-Mexican Volcanic Belt pine-oak forests";243;151;233,294599935811;0,358024691358025;64,7250300870858;1,60927152317881
"Balsas dry forests";421;205;262,414517854239;0,266033254156781;78,1206778025403;2,05365853658537
"Pantanos de Centla";347;186;252,444095381557;0,299711815561977;73,6796793440029;1,86559139784946
"Talamancan montane forests";942;942;NA;NA;NA;1
"Puerto Rican moist forests";310;164;210,966602916678;0,222580645161287;77,7374227639114;1,89024390243902
"Jamaican moist forests";399;238;346,96263479172;0,310776942355886;68,5952826427176;1,67647058823529
"Cordillera de Merida páramo";278;249;1208,75475543102;0,791366906474821;20,5997121319462;1,11646586345382
"Pantepui";4;4;NA;NA;NA;1
"Uatuma-Trombetas moist forests";1746;366;363,087393783302;0,0750286368843263;100,802177730917;4,77049180327869
"Ucayali moist forests";932;519;767,796183035901;0,353004291845536;67,5960640944906;1,79576107899807
"Isthmian-Atlantic moist forests";3891;1424;1605,94132113965;0,166024158314031;88,6707366735829;2,73244382022472
"Guajira-Barranquilla xeric scrub";58;46;111,960239405019;0,586206896551722;41,0860143247763;1,26086956521739
"Central American pine-oak forests";213;213;NA;NA;NA;1
"Cauca Valley montane forests";4255;1915;2291,55004626942;0,104347826086951;83,5678890416367;2,22193211488251
"Guianan piedmont and lowland moist forests";1242;445;503,832463018099;0,172302737520113;88,3230106560273;2,79101123595506
"Pantepui";73;73;NA;NA;NA;1
"Bahamian pine mosaic";11;11;NA;NA;NA;1
"Sierra Madre del Sur pine-oak forests";767;319;371,327634880747;0,186440677966118;85,9079610658247;2,40438871473354
"Chimalapas montane forests";256;256;NA;NA;NA;1
"Sierra Madre de Oaxaca pine-oak forests";138;138;NA;NA;NA;1
"South American Pacific mangroves";5;5;NA;NA;NA;1
"Caqueta moist forests";1011;277;291,095527878867;0,104846686449036;95,1577655687199;3,64981949458484
"Guianan savanna";34;31;173,058142128986;0,823529411764707;17,9130548950969;1,09677419354839
"Pantepui";5;5;NA;NA;NA;1
"Northern Andean páramo";449;389;1485,46828914692;0,732739420935388;26,1870282147455;1,15424164524422
"Galápagos Islands scrubland mosaic";18;10;12,9363357399472;0,111111111111111;77,3016424513484;1,8
"Ecuadorian dry forests";294;202;367,608895027521;0,459183673469397;54,9497040828888;1,45544554455446
"Marajó varzeá";154;84;118,389995896077;0,311688311688314;70,9519409678292;1,83333333333333
"Yucatán moist forests";6;6;NA;NA;NA;1
"Hispaniolan dry forests";10;10;NA;NA;NA;1
"Amazon-Orinoco-Southern Caribbean mangroves";24;24;NA;NA;NA;1
"Orinoco Delta swamp forests";108;65;98,4122002100735;0,370370370370367;66,0487214606005;1,66153846153846
"Cordillera La Costa montane forests";116;116;NA;NA;NA;1
"Catatumbo moist forests";108;95;415,951470255699;0,777777777777786;22,8392028381581;1,13684210526316
"Venezuelan Andes montane forests";706;417;634,996837208615;0,37818696883852;65,6696184240999;1,69304556354916
"Isthmian-Pacific moist forests";3086;2042;3617,6425145853;0,458846403110783;56,4455993583456;1,51126346718903
"Atacama desert";37;2;NA;NA;NA;18,5
"Southern Atlantic mangroves";188;147;351,418508110478;0,563829787234056;41,8304661272384;1,27891156462585
"Southern Andean Yungas";170;81;99,4458912845265;0,229411764705887;81,4513289123724;2,09876543209877
"Bolivian montane dry forests";60;48;125,496761390958;0,633333333333333;38,2479989666558;1,25
"Southern Andean Yungas";20;20;NA;NA;NA;1
"Alto Paraná Atlantic forests";952;438;539,417916748877;0,232142857142833;81,1986377167201;2,17351598173516
"Bahamian-Antillean mangroves";4;4;NA;NA;NA;1
"Caribbean shrublands";5;5;NA;NA;NA;1
"Guianan savanna";458;267;402,165274975025;0,362445414847173;66,3906151560651;1,71535580524345
"Guianan freshwater swamp forests";45;33;71,1971244405806;0,577777777777776;46,3501865549936;1,36363636363636
"Hispaniolan pine forests";73;73;NA;NA;NA;1
"Central American montane forests";111;111;NA;NA;NA;1
"Talamancan montane forests";939;939;NA;NA;NA;1
"Isthmian-Atlantic moist forests";215;215;NA;NA;NA;1
"Magdalena Valley montane forests";4284;2132;2992,55303879778;0,330298786181174;71,2435158996047;2,0093808630394
"Apure-Villavicencio dry forests";98;72;182,167975010032;0,571428571428569;39,5239613307635;1,36111111111111
"Guianan savanna";6;6;NA;NA;NA;1
"Marajó varzeá";31;19;26,868005243177;0,322580645161288;70,7160796941745;1,63157894736842
"Cuban dry forests";609;225;249,719753279626;0,154351395730714;90,101002041298;2,70666666666667
"Veracruz montane forests";58;58;NA;NA;NA;1
"Panamanian dry forests";18;18;NA;NA;NA;1
"Pantepui";128;128;NA;NA;NA;1
"Amazon-Orinoco-Southern Caribbean mangroves";31;31;NA;NA;NA;1
"Pantepui";14;14;NA;NA;NA;1
"Rio Negro campinarana";16;15;NA;NA;NA;1,06666666666667
"Cuban moist forests";69;69;NA;NA;NA;1
"Cuban pine forests";49;41;127,046031821102;0,673469387755105;32,2717674942682;1,19512195121951
"Bahamian pine mosaic";5;5;NA;NA;NA;1
"Cuban wetlands";11;11;NA;NA;NA;1
"Bahamian-Antillean mangroves";4;4;NA;NA;NA;1
"Cuban pine forests";16;16;NA;NA;NA;1
"Jalisco dry forests";448;231;296,023953607764;0,245535714285722;78,0342256715072;1,93939393939394
"Yucatán moist forests";520;132;133,34909580392;0,076923076923066;98,9882977490127;3,93939393939394
"Yucatán dry forests";5;5;NA;NA;NA;1
"Yucatán dry forests";25;25;NA;NA;NA;1
"Trans-Mexican Volcanic Belt pine-oak forests";15;14;99,2504748837718;0,866666666666667;14,1057259588882;1,07142857142857
"Trans-Mexican Volcanic Belt pine-oak forests";2;2;NA;NA;NA;1
"Cuban moist forests";81;68;215,720771008971;0,679012345679013;31,5222311147646;1,19117647058824
"Trans-Mexican Volcanic Belt pine-oak forests";1167;388;426,120594345752;0,152527849185958;91,0540361457346;3,00773195876289
"Cuban moist forests";77;77;NA;NA;NA;1
"Mesoamerican Gulf-Caribbean mangroves";14;14;NA;NA;NA;1
"Miskito pine forests";35;34;580,357821268247;0,942857142857143;5,85845469019446;1,02941176470588
"Eastern Cordillera real montane forests";11716;3779;4101,91414288298;0,101229088425953;92,1277205803235;3,1002910822969
"South American Pacific mangroves";17;17;NA;NA;NA;1
"Amazon-Orinoco-Southern Caribbean mangroves";4;4;NA;NA;NA;1
"Rio Negro campinarana";33;28;92,3603522608482;0,696969696969695;30,3160385539903;1,17857142857143
"Central Andean wet puna";2;1;NA;NA;NA;2
"Veracruz dry forests";1535;1420;9718,51973706728;0,854071661237867;14,6112786557813;1,08098591549296
"Tehuacán Valley matorral";171;121;232,762361725722;0,485380116959064;51,9843496615581;1,41322314049587
"Petén-Veracruz moist forests";7560;1740;1818,55553307118;0,0314814814814781;95,6803335591012;4,3448275862069
"Sierra Madre del Sur pine-oak forests";41;41;NA;NA;NA;1
"Sierra Madre de Oaxaca pine-oak forests";2136;1413;2667,37371299198;0,511235955056236;52,9734544926231;1,51167728237792
"Sierra Madre del Sur pine-oak forests";4;4;NA;NA;NA;1
"Mesoamerican Gulf-Caribbean mangroves";48;48;NA;NA;NA;1
"Sierra de los Tuxtlas";1232;1232;NA;NA;NA;1
"Hispaniolan moist forests";76;66;253,313972345559;0,736842105263165;26,0546228022377;1,15151515151515
"Sierra Madre del Sur pine-oak forests";366;245;421,2869861198;0,428961748633867;58,1551313171421;1,49387755102041
"Mesoamerican Gulf-Caribbean mangroves";55;42;92,2745827810938;0,527272727272731;45,5163260934358;1,30952380952381
"Southern Pacific dry forests";465;286;450,382109045792;0,389247311827944;63,5016343357727;1,62587412587413
"Central American pine-oak forests";3;3;NA;NA;NA;1
"Llanos";1508;903;1577,09643498477;0,418435013262638;57,2571201081131;1,66998892580288
"Talamancan montane forests";2923;1342;1602,11914396481;0,200478959972543;83,7640574395057;2,17809239940387
"Guianan moist forests";3206;467;453,363938073338;0,0486587648159684;103,00775178207;6,86509635974304
"Panamanian dry forests";59;59;NA;NA;NA;1
"Northeastern Brazil restingas";5;5;NA;NA;NA;1
"Iquitos varzeá";7;7;NA;NA;NA;1
"Caatinga Enclaves moist forests";121;121;NA;NA;NA;1
"Beni savanna";10;10;NA;NA;NA;1
"Beni savanna";8;8;NA;NA;NA;1
"Central American pine-oak forests";3870;858;854,067194335683;0,0710594315245316;100,460479654341;4,51048951048951
"Chiapas Depression dry forests";1028;493;609,088903515055;0,217898832684796;80,9405650234136;2,08519269776876
"Central American pine-oak forests";1307;1307;NA;NA;NA;1
"Chiapas montane forests";409;409;NA;NA;NA;1
"Sierra Madre de Chiapas moist forests";1046;530;670,232468743374;0,234225621414907;79,0770403877483;1,97358490566038
"Leeward Islands moist forests";57;57;NA;NA;NA;1
"Central American Atlantic moist forests";2135;652;704,112555240997;0,130679156908627;92,5988316991222;3,27453987730061
"Miskito pine forests";71;62;246,514660044075;0,746478873239433;25,150634038931;1,14516129032258
"Central American dry forests";380;346;1954,33653924062;0,821052631578937;17,7042179303695;1,09826589595376
"Central American dry forests";1223;1213;NA;NA;NA;1,00824402308326
"Central American pine-oak forests";123;91;193,224468072454;0,544715447154474;47,0954848046871;1,35164835164835
"Central American montane forests";404;404;NA;NA;NA;1
"Central American montane forests";150;150;NA;NA;NA;1
"Motagua Valley thornscrub";85;85;NA;NA;NA;1
"Central American dry forests";156;134;483,902502062084;0,71794871794873;27,6915286507049;1,16417910447761
"Central American dry forests";36;35;614,913284706309;0,944444444444443;5,69185946547186;1,02857142857143
"Mesoamerican Gulf-Caribbean mangroves";17;17;NA;NA;NA;1
"Central American dry forests";1001;498;645,333530355349;0,267732267732242;77,169397927577;2,01004016064257
"Miskito pine forests";10;10;NA;NA;NA;1
"Central American dry forests";196;196;NA;NA;NA;1
"Southern Mesoamerican Pacific mangroves";27;27;NA;NA;NA;1
"Windward Islands moist forests";3;3;NA;NA;NA;1
"Mesoamerican Gulf-Caribbean mangroves";28;28;NA;NA;NA;1
"Paraguana xeric scrub";71;71;NA;NA;NA;1
"Costa Rican seasonal moist forests";63;63;NA;NA;NA;1
"Lara-Falcón dry forests";95;80;275,478218622043;0,705263157894734;29,0404084940596;1,1875
"Cordillera Oriental montane forests";1359;761;1096,61025572547;0,337012509197962;69,3956668767933;1,78580814717477
"Maracaibo dry forests";128;104;318,698945520997;0,65625;32,6326777862364;1,23076923076923
"Sinú Valley dry forests";63;50;128,879988687785;0,61904761904762;38,7957824244743;1,26
"Guajira-Barranquilla xeric scrub";40;31;77,7922152943962;0,625;39,8497457395755;1,29032258064516
"Trinidad and Tobago moist forests";136;119;482,579345648569;0,75;24,6591573122692;1,14285714285714
"La Costa xeric shrublands";378;230;364,768361868128;0,378306878306887;63,0537140946314;1,64347826086957
"Costa Rican seasonal moist forests";28;28;NA;NA;NA;1
"Magdalena-Urabá moist forests";465;277;441,261468664839;0,395698924731164;62,7745723727345;1,67870036101083
"Catatumbo moist forests";14;14;NA;NA;NA;1
"Chocó-Darién moist forests";1974;875;1114,0319927485;0,260385005065814;78,5435252933112;2,256
"Guianan piedmont and lowland moist forests";17;17;NA;NA;NA;1
"Caatinga Enclaves moist forests";16;16;NA;NA;NA;1
"Purus varzeá";2;1;NA;NA;NA;2
"Mato Grosso seasonal forests";96;70;149,752608938488;0,541666666666671;46,7437599225755;1,37142857142857
"Juruá-Purus moist forests";21;16;48,500511915611;0,61904761904762;32,989342520424;1,3125
"Cerrado";5;5;NA;NA;NA;1
"Iquitos varzeá";44;40;218,244447428581;0,81818181818182;18,3280722471025;1,1
"Pernambuco interior forests";260;154;221,299826660046;0,315384615384602;69,588848000577;1,68831168831169
"Northwestern Andean montane forests";7617;2617;2878,25788727218;0,147958513850881;90,9230549344631;2,9105846388995
"Northern Andean páramo";62;62;NA;NA;NA;1
"Guianan Highlands moist forests";1635;516;553,145799343993;0,124770642201838;93,2846277802261;3,16860465116279
"Magdalena Valley dry forests";219;178;561,182204283984;0,698630136986282;31,7187534888266;1,23033707865169
"Guianan Highlands moist forests";12;12;NA;NA;NA;1
"Pantepui";24;24;NA;NA;NA;1
"Negro-Branco moist forests";840;351;432,235974688859;0,211904761904748;81,2056424161973;2,39316239316239
"Northern Andean páramo";223;223;NA;NA;NA;1
"Apure-Villavicencio dry forests";195;195;NA;NA;NA;1
"Northern Andean páramo";333;289;1114,94129313497;0,735735735735773;25,9206472824587;1,1522491349481
"Marajó varzeá";28;27;366,469699910743;0,928571428571427;7,36759410302572;1,03703703703704
"Rio Negro campinarana";20;18;87,1510362790837;0,800000000000001;20,6537991612155;1,11111111111111
"Pantepui";37;37;NA;NA;NA;1
"Apure-Villavicencio dry forests";47;47;NA;NA;NA;1
"Napo moist forests";4956;1986;2699,86524614596;0,267756255044333;73,5592268108566;2,49546827794562
"Guianan Highlands moist forests";83;83;NA;NA;NA;1
"Rio Negro campinarana";10;8;NA;NA;NA;1,25
"Western Ecuador moist forests";1328;762;1137,67645403161;0,363704819277132;66,9786209690533;1,74278215223097
"Amazon-Orinoco-Southern Caribbean mangroves";23;19;57,7932886669021;0,695652173913043;32,8757896258657;1,21052631578947
"South American Pacific mangroves";32;32;NA;NA;NA;1
"Northern Andean páramo";297;297;NA;NA;NA;1
"Purus varzeá";48;33;154,392844819615;0,604166666666668;21,3740475075484;1,45454545454545
"Patagonian steppe";3;1;NA;NA;NA;3
"Galápagos Islands scrubland mosaic";11;11;NA;NA;NA;1
"Rio Negro campinarana";3;3;NA;NA;NA;1
"Rio Negro campinarana";29;25;83,4457700248139;0,689655172413794;29,959577330961;1,16
"Purus varzeá";5;5;NA;NA;NA;1
"Rio Negro campinarana";22;21;NA;NA;NA;1,04761904761905
"Rio Negro campinarana";9;9;NA;NA;NA;1
"Rio Negro campinarana";9;9;NA;NA;NA;1
"Tocantins/Pindare moist forests";458;180;210,633783399357;0,196506550218345;85,4563769852265;2,54444444444444
"Purus varzeá";217;128;206,688287115319;0,391705069124427;61,9290051635021;1,6953125
"Iquitos varzeá";10;10;NA;NA;NA;1
"Xingu-Tocantins-Araguaia moist forests";391;156;189,485211674084;0,207161125319686;82,3283245282071;2,50641025641026
"Amazon-Orinoco-Southern Caribbean mangroves";3;3;NA;NA;NA;1
"Gurupa varzeá";39;39;NA;NA;NA;1
"Guayaquil flooded grasslands";24;24;NA;NA;NA;1
"Purus varzeá";6;6;NA;NA;NA;1
"Purus varzeá";3;3;NA;NA;NA;1
"Madeira-Tapajós moist forests";1395;396;433,58198336618;0,134767025089616;91,3322082540408;3,52272727272727
"Tapajós-Xingu moist forests";387;159;206,531900847122;0,224806201550393;76,9856856726915;2,43396226415094
"Monte Alegre varzeá";3;2;NA;NA;NA;1,5
"Ecuadorian dry forests";24;24;NA;NA;NA;1
"Monte Alegre varzeá";5;5;NA;NA;NA;1
"South American Pacific mangroves";128;119;848,185167326002;0,859375;14,0299553192095;1,07563025210084
"Monte Alegre varzeá";2;1;NA;NA;NA;2
"Northern Andean páramo";258;258;NA;NA;NA;1
"Maranhão Babaçu forests";79;30;38,38331308009;0,22784810126582;78,1589643848682;2,63333333333333
"Juruá-Purus moist forests";180;92;173,31374246947;0,349999999999994;53,0829227325734;1,95652173913043
"Tumbes-Piura dry forests";152;116;279,077232536698;0,578947368421055;41,5655547912696;1,31034482758621
"Juruá-Purus moist forests";17;13;NA;NA;NA;1,30769230769231
"Caatinga";3877;595;591,771093352444;0,0577766314160044;100,545634398812;6,51596638655462
"Monte Alegre varzeá";12;12;NA;NA;NA;1
"Caatinga Enclaves moist forests";19;19;NA;NA;NA;1
"Purus-Madeira moist forests";213;102;136,506982915631;0,295774647887328;74,7214522080834;2,08823529411765
"Iquitos varzeá";78;60;131,509911355236;0,525641025641022;45,6239376802007;1,3
"Monte Alegre varzeá";28;25;NA;NA;NA;1,12
"Southwest Amazon moist forests";3290;1228;1590,47934464919;0,226139817629246;77,2094277194692;2,67915309446254
"Iquitos varzeá";280;205;464,063036437447;0,564285714285717;44,1750331105358;1,36585365853659
"Monte Alegre varzeá";12;11;51,4213024501404;0,75;21,3919124484758;1,09090909090909
"Iquitos varzeá";2;2;NA;NA;NA;1
"Cerrado";5435;986;998,686534801613;0,0715731370745516;98,7296779960959;5,51217038539554
"Dry Chaco";1023;136;132,397119409537;0,05571847507332;102,721268111067;7,52205882352941
"Campos Rupestres montane savanna";143;143;NA;NA;NA;1
"Alto Paraná Atlantic forests";2855;482;476,308645428987;0,0732049036777767;101,194887942016;5,92323651452282
"Southern Andean Yungas";161;161;NA;NA;NA;1
"Campos Rupestres montane savanna";171;171;NA;NA;NA;1
"Sierra Madre Occidental pine-oak forests";4;4;NA;NA;NA;1
"Sierra Madre Occidental pine-oak forests";6;6;NA;NA;NA;1
"Caatinga";12;9;33,8435140524933;0,583333333333334;26,5929831814759;1,33333333333333
"Peruvian Yungas";1720;1476;5805,53034054712;0,755232558139369;25,4240338680394;1,16531165311653
"Sechura desert";154;75;132,538456213129;0,36363636363636;56,5873499231014;2,05333333333333
"Marañón dry forests";434;360;1126,2606109732;0,684331797235018;31,9641827559718;1,20555555555556
"Atlantic Coast restingas";33;33;NA;NA;NA;1
"Mato Grosso seasonal forests";73;45;73,6543959399482;0,424657534246577;61,0961496944315;1,62222222222222
"Peruvian Yungas";227;165;348,144953056659;0,541850220264308;47,3940519749965;1,37575757575758
"Pernambuco interior forests";30;30;NA;NA;NA;1
"Mato Grosso seasonal forests";962;593;1135,34222974162;0,47089397089394;52,2309471510591;1,62225969645868
"Iquitos varzeá";15;13;NA;NA;NA;1,15384615384615
"Cordillera Central páramo";38;38;NA;NA;NA;1
"Iquitos varzeá";4;4;NA;NA;NA;1
"Atlantic dry forests";2;1;NA;NA;NA;2
"Pernambuco coastal forests";497;252;323,132606853654;0,265593561368206;77,9865586620078;1,97222222222222
"Cordillera Central páramo";10;10;NA;NA;NA;1
"Central Andean wet puna";79;57;119,386850044321;0,506329113924046;47,7439516821489;1,3859649122807
"Ucayali moist forests";599;518;2167,51142399627;0,762938230383952;23,8983746182502;1,15637065637066
"Iquitos varzeá";10;10;NA;NA;NA;1
"Peruvian Yungas";2389;1086;1379,65151577462;0,24696525743002;78,7155297974109;2,19981583793738
"Atlantic dry forests";55;32;75,8513816871807;0,454545454545453;42,187761499153;1,71875
"Cerrado";3;2;NA;NA;NA;1,5
"Mato Grosso seasonal forests";4;4;NA;NA;NA;1
"Pernambuco interior forests";72;51;93,2795093407748;0,416666666666664;54,6743870764623;1,41176470588235
"Beni savanna";107;62;125,802529814899;0,44859813084112;49,2835876124464;1,7258064516129
"Bahia interior forests";29;29;NA;NA;NA;1
"Bahia interior forests";7789;1794;1823,17767333846;0,0531518808577403;98,3996253483605;4,34169453734671
"Bahia coastal forests";4557;1220;1255,99053621311;0,0897520298442487;97,1344898567771;3,73524590163934
"Chiquitano dry forests";646;287;365,166370730555;0,252321981424132;78,594312895195;2,25087108013937
"Central Andean wet puna";744;480;826,017879141885;0,439516129032256;58,1101223255182;1,55
"Central Andean puna";28;10;NA;NA;NA;2,8
"Bolivian Yungas";6601;1882;1956,82648859413;0,0612028480534264;96,1761306365037;3,50743889479277
"Central Andean wet puna";21;21;NA;NA;NA;1
"Cerrado";43;41;433,430277122621;0,906976744186046;9,45942223330208;1,04878048780488
"Bahia interior forests";28;28;NA;NA;NA;1
"Pantanal";3;1;NA;NA;NA;3
"Bolivian montane dry forests";279;245;1021,90601539242;0,756272401433705;23,9748074979202;1,13877551020408
"Lake";8;5;NA;NA;NA;1,6
"Pantanal";181;87;124,109804538301;0,292817679558013;70,0992160318416;2,08045977011494
"Bolivian montane dry forests";45;45;NA;NA;NA;1
"Central Andean dry puna";98;17;56,5559618835707;0,153061224489797;30,058723136912;5,76470588235294
"Central Andean puna";303;167;286,45687962212;0,415841584158414;58,2984776697625;1,81437125748503
"Bolivian montane dry forests";278;129;159,908581526843;0,251798561151077;80,6710926757521;2,15503875968992
"Bahia interior forests";55;55;NA;NA;NA;1
"Cerrado";334;274;787,180524532088;0,64071856287427;34,8077717195645;1,21897810218978
"Southern Andean Yungas";343;110;115,863473957921;0,0991253644314867;94,9393249161072;3,11818181818182
"Alto Paraná Atlantic forests";499;315;516,218418593661;0,420841683366746;61,0206820706161;1,58412698412698
"Humid Chaco";821;153;155,438596571567;0,069427527405594;98,4311511906605;5,36601307189542
"Alto Paraná Atlantic forests";577;419;844,81902490495;0,507798960138643;49,5964209668623;1,37708830548926
"Serra do Mar coastal forests";10150;1850;1847,07776040666;0,0856157635469117;100,158208801816;5,48648648648649
"Alto Paraná Atlantic forests";113;113;NA;NA;NA;1
"Campos Rupestres montane savanna";472;389;1141,30083225397;0,648305084745743;34,0839145128597;1,2133676092545
"Southern Atlantic mangroves";648;648;NA;NA;NA;1
"Araucaria moist forests";5690;762;735,845958565166;0,0400702987698196;103,554282133428;7,46719160104987
"Southern Andean steppe";43;2;NA;NA;NA;21,5
"High Monte";119;39;43,444688104128;0,15126050420168;89,7693174975155;3,05128205128205
"Southern Andean Yungas";85;53;79,823719165529;0,305882352941175;66,3963049505308;1,60377358490566
"Paraná flooded savanna";60;30;38,1212550954357;0,216666666666669;78,6962546875639;2
"Central Andean puna";31;27;103,769373182389;0,741935483870968;26,0192378270839;1,14814814814815
"Southern Cone Mesopotamian savanna";62;41;66,5885499490196;0,41935483870968;61,5721472105786;1,51219512195122
"Uruguayan savanna";1174;255;265,921801205947;0,0971039182282709;95,8928522759633;4,60392156862745
"Alto Paraná Atlantic forests";698;261;290,371031950883;0,17048710601722;89,8849992874458;2,67432950191571
"Espinal";52;19;20,7309326066726;0,153846153846153;91,650483653999;2,73684210526316
"Atlantic Coast restingas";42;42;NA;NA;NA;1
"Southern Andean steppe";4;3;NA;NA;NA;1,33333333333333
"Espinal";185;66;116,854074247406;0,254054054054052;56,4807007586774;2,8030303030303
"Low Monte";141;8;10,3956059287113;0,0354609929078018;76,9555911878598;17,625
"Humid Pampas";149;8;16,4272783987298;0,0335570469798654;48,6994851235892;18,625
"Humid Pampas";12;3;NA;NA;NA;4
"Atlantic Coast restingas";5;5;NA;NA;NA;1
"Patagonian steppe";4;1;NA;NA;NA;4
"Sierra Madre Occidental pine-oak forests";60;44;93,9910455624716;0,550000000000004;46,8129700405931;1,36363636363636
"Japurá-Solimoes-Negro moist forests";720;281;330,305103111568;0,191666666666663;85,0728606227698;2,56227758007117
"Solimões-Japurá moist forests";778;254;281,413028152702;0,159383033419005;90,2587920919472;3,06299212598425
"Patía Valley dry forests";18;18;NA;NA;NA;1
"Sierra Madre Occidental pine-oak forests";233;87;103,500376244979;0,201716738197419;84,0576654466225;2,67816091954023
"Sonoran-Sinaloan transition subtropical dry forest";21;13;41,221650505149;0,476190476190476;31,5368255290413;1,61538461538462
"Sierra Madre Oriental pine-oak forests";1263;1176;12670,1686343939;0,904988123515523;9,28164441953582;1,07397959183673
"Sierra Madre Oriental pine-oak forests";21;21;NA;NA;NA;1
"Central Mexican matorral";24;24;NA;NA;NA;1
"Sierra Madre Oriental pine-oak forests";15;15;NA;NA;NA;1
"Sierra Madre Occidental pine-oak forests";9;9;NA;NA;NA;1
"Sierra Madre Occidental pine-oak forests";4;4;NA;NA;NA;1
"Sierra Madre Oriental pine-oak forests";151;123;341,848210970771;0,629139072847678;35,9808815879738;1,22764227642276
"Sierra Madre Occidental pine-oak forests";51;51;NA;NA;NA;1
"Sierra Madre Oriental pine-oak forests";62;62;NA;NA;NA;1
"Meseta Central matorral";21;21;NA;NA;NA;1
